video_id,query_id,query_text,time,detector_score,crop_score
video_01,q001,a man with a red backpack,0.0,0.2995329201221466,0.04124368354678154
video_01,q002,a cyclist,0.0,0.36869993805885315,0.09128431975841522
video_01,q003,a yellow car,0.0,0.7625308036804199,0.06999470293521881
video_01,q001,a man with a red backpack,1.0,0.3286312520503998,0.04065929725766182
video_01,q002,a cyclist,1.0,0.3755660057067871,0.09722808003425598
video_01,q003,a yellow car,1.0,0.8020167350769043,0.06936769932508469
video_01,q001,a man with a red backpack,2.0,0.33122193813323975,0.032746296375989914
video_01,q002,a cyclist,2.0,0.40158769488334656,0.08375127613544464
video_01,q003,a yellow car,2.0,0.8163923025131226,0.02517584152519703
video_01,q001,a man with a red backpack,3.0,0.33395645022392273,0.04280537739396095
video_01,q002,a cyclist,3.0,0.42994946241378784,0.054038695991039276
video_01,q003,a yellow car,3.0,0.7503199577331543,0.0645705834031105
video_01,q001,a man with a red backpack,4.0,0.3177006244659424,0.035874441266059875
video_01,q002,a cyclist,4.0,0.41410762071609497,0.052439164370298386
video_01,q003,a yellow car,4.0,0.7699941992759705,0.004729843698441982
video_01,q001,a man with a red backpack,5.0,0.28964942693710327,0.09284491837024689
video_01,q002,a cyclist,5.0,0.4078918695449829,0.05213755741715431
video_01,q003,a yellow car,5.0,0.7502303123474121,0.014232275076210499
video_01,q001,a man with a red backpack,6.0,0.32431986927986145,0.04854346066713333
video_01,q002,a cyclist,6.0,0.4149811267852783,0.03841235861182213
video_01,q003,a yellow car,6.0,0.7918816208839417,0.006354901939630508
video_01,q001,a man with a red backpack,7.0,0.29313212633132935,0.12829788029193878
video_01,q002,a cyclist,7.0,0.3988810181617737,0.05233960971236229
video_01,q003,a yellow car,7.0,0.6859474778175354,0.015536506660282612
video_01,q001,a man with a red backpack,8.0,0.30368372797966003,0.12285042554140091
video_01,q002,a cyclist,8.0,0.4099416434764862,0.059262193739414215
video_01,q003,a yellow car,8.0,0.8180906176567078,0.06667405366897583
video_01,q001,a man with a red backpack,9.0,0.2929326295852661,0.12705928087234497
video_01,q002,a cyclist,9.0,0.3933202028274536,0.06296490132808685
video_01,q003,a yellow car,9.0,0.8176166415214539,0.0687284991145134
video_01,q001,a man with a red backpack,10.0,0.28806936740875244,0.12663781642913818
video_01,q002,a cyclist,10.0,0.4249655306339264,0.0621645525097847
video_01,q003,a yellow car,10.0,0.7961528301239014,0.06858077645301819
video_01,q001,a man with a red backpack,11.0,0.29535895586013794,0.11257009208202362
video_01,q002,a cyclist,11.0,0.4147196114063263,0.04679146036505699
video_01,q003,a yellow car,11.0,0.7772144675254822,0.0695190355181694
video_01,q001,a man with a red backpack,12.0,0.29919716715812683,0.09265410900115967
video_01,q002,a cyclist,12.0,0.42862775921821594,0.0592002309858799
video_01,q003,a yellow car,12.0,0.7572621703147888,0.0741654708981514
video_01,q001,a man with a red backpack,13.0,0.25861871242523193,0.03082326240837574
video_01,q002,a cyclist,13.0,0.3603841960430145,0.08360855281352997
video_01,q003,a yellow car,13.0,0.7456159591674805,0.08245466649532318
video_01,q001,a man with a red backpack,14.0,0.2862691879272461,0.10854729264974594
video_01,q002,a cyclist,14.0,0.4084467887878418,0.05641994625329971
video_01,q003,a yellow car,14.0,0.7194801568984985,0.016641676425933838
video_01,q001,a man with a red backpack,15.0,0.28402334451675415,0.0976298376917839
video_01,q002,a cyclist,15.0,0.42203542590141296,0.05687100812792778
video_01,q003,a yellow car,15.0,0.7139000296592712,0.014417391270399094
video_01,q001,a man with a red backpack,16.0,0.2896439731121063,0.08710693567991257
video_01,q002,a cyclist,16.0,0.4047635495662689,0.06052510440349579
video_01,q003,a yellow car,16.0,0.701867401599884,0.01886880397796631
video_01,q001,a man with a red backpack,17.0,0.29893869161605835,0.09408390522003174
video_01,q002,a cyclist,17.0,0.3821849524974823,0.06245460361242294
video_01,q003,a yellow car,17.0,0.7616507411003113,0.07266934961080551
video_01,q001,a man with a red backpack,18.0,0.30411437153816223,0.08410033583641052
video_01,q002,a cyclist,18.0,0.3987800180912018,0.05455178767442703
video_01,q003,a yellow car,18.0,0.7382212281227112,0.06448891013860703
video_01,q001,a man with a red backpack,19.0,0.3090987801551819,0.09114600718021393
video_01,q002,a cyclist,19.0,0.43288105726242065,0.05759713053703308
video_01,q003,a yellow car,19.0,0.7195085883140564,0.03244655206799507
video_01,q001,a man with a red backpack,20.0,0.3128865659236908,0.10808710753917694
video_01,q002,a cyclist,20.0,0.3859945237636566,0.0647554025053978
video_01,q003,a yellow car,20.0,0.6792521476745605,0.026559263467788696
video_01,q001,a man with a red backpack,21.0,0.306793749332428,0.08835311233997345
video_01,q002,a cyclist,21.0,0.4125654697418213,0.0631234347820282
video_01,q003,a yellow car,21.0,0.6667854189872742,0.014672893099486828
video_01,q001,a man with a red backpack,22.0,0.30459150671958923,0.08760510385036469
video_01,q002,a cyclist,22.0,0.5286362171173096,0.06633211672306061
video_01,q003,a yellow car,22.0,0.8673377633094788,0.07038849592208862
video_01,q001,a man with a red backpack,23.0,0.32107365131378174,0.09056133031845093
video_01,q002,a cyclist,23.0,0.44065314531326294,0.07392705976963043
video_01,q003,a yellow car,23.0,0.8256861567497253,0.09183838963508606
video_01,q001,a man with a red backpack,24.0,0.3363180160522461,0.09953686594963074
video_01,q002,a cyclist,24.0,0.3968002498149872,0.07161915302276611
video_01,q003,a yellow car,24.0,0.6713289022445679,0.02128813974559307
video_01,q001,a man with a red backpack,25.0,0.3097763955593109,0.08106096088886261
video_01,q002,a cyclist,25.0,0.5358237624168396,0.07450994104146957
video_01,q003,a yellow car,25.0,0.6363552212715149,0.06766723096370697
video_01,q001,a man with a red backpack,26.0,0.30521613359451294,0.08171114325523376
video_01,q002,a cyclist,26.0,0.4429628849029541,0.07813580334186554
video_01,q003,a yellow car,26.0,0.6842833757400513,0.07036639750003815
video_01,q001,a man with a red backpack,27.0,0.3399640619754791,0.07422226667404175
video_01,q002,a cyclist,27.0,0.4881111681461334,0.10278250277042389
video_01,q003,a yellow car,27.0,0.9200174808502197,0.06611216813325882
video_01,q001,a man with a red backpack,28.0,0.3485928475856781,0.10342136025428772
video_01,q002,a cyclist,28.0,0.37666282057762146,0.07579824328422546
video_01,q003,a yellow car,28.0,0.9029840230941772,0.06769364327192307
video_01,q001,a man with a red backpack,29.0,0.32419151067733765,0.08501732349395752
video_01,q002,a cyclist,29.0,0.5321380496025085,0.08477683365345001
video_01,q003,a yellow car,29.0,0.9361679553985596,0.06672916561365128
video_01,q001,a man with a red backpack,30.0,0.35102391242980957,0.10042472183704376
video_01,q002,a cyclist,30.0,0.48451322317123413,0.08966219425201416
video_01,q003,a yellow car,30.0,0.5446446537971497,0.06827069818973541
video_01,q001,a man with a red backpack,31.0,0.35511839389801025,0.1003841981291771
video_01,q002,a cyclist,31.0,0.37105855345726013,0.07520794868469238
video_01,q003,a yellow car,31.0,0.5402918457984924,0.09252985566854477
video_01,q001,a man with a red backpack,32.0,0.3318704068660736,0.08493760228157043
video_01,q002,a cyclist,32.0,0.4396728575229645,0.08632157742977142
video_01,q003,a yellow car,32.0,0.7118641138076782,0.10110177844762802
video_01,q001,a man with a red backpack,33.0,0.345939040184021,0.09807194769382477
video_01,q002,a cyclist,33.0,0.3993818461894989,0.07691320031881332
video_01,q003,a yellow car,33.0,0.844651997089386,0.0949806421995163
video_01,q001,a man with a red backpack,34.0,0.4761723279953003,0.12739044427871704
video_01,q002,a cyclist,34.0,0.38579076528549194,0.07691339403390884
video_01,q003,a yellow car,34.0,0.850114643573761,0.09064033627510071
video_01,q001,a man with a red backpack,35.0,0.3711371421813965,0.10068283975124359
video_01,q002,a cyclist,35.0,0.4505341053009033,0.06416656076908112
video_01,q003,a yellow car,35.0,0.840368926525116,0.0980796217918396
video_01,q001,a man with a red backpack,36.0,0.35739371180534363,0.1039535403251648
video_01,q002,a cyclist,36.0,0.36407822370529175,0.06583297252655029
video_01,q003,a yellow car,36.0,0.91654372215271,0.09300773590803146
video_01,q001,a man with a red backpack,37.0,0.3230184018611908,0.10111977159976959
video_01,q002,a cyclist,37.0,0.36431291699409485,0.056869328022003174
video_01,q003,a yellow car,37.0,0.7810885310173035,0.08948683738708496
video_01,q001,a man with a red backpack,38.0,0.33249330520629883,0.08983328193426132
video_01,q002,a cyclist,38.0,0.3637450039386749,0.07523269951343536
video_01,q003,a yellow car,38.0,0.7485049962997437,0.08867625147104263
video_01,q001,a man with a red backpack,39.0,0.35606756806373596,0.0966174453496933
video_01,q002,a cyclist,39.0,0.4365702271461487,0.07899091392755508
video_01,q003,a yellow car,39.0,0.6334289312362671,0.09281625598669052
video_01,q001,a man with a red backpack,40.0,0.3530639111995697,0.09501540660858154
video_01,q002,a cyclist,40.0,0.4112091660499573,0.08014083653688431
video_01,q003,a yellow car,40.0,0.6180521249771118,0.0688706785440445
video_01,q001,a man with a red backpack,41.0,0.35453689098358154,0.09619762748479843
video_01,q002,a cyclist,41.0,0.3828344941139221,0.07660236209630966
video_01,q003,a yellow car,41.0,0.5582413077354431,0.08293857425451279
video_01,q001,a man with a red backpack,42.0,0.0,
video_01,q002,a cyclist,42.0,0.35453736782073975,0.07242945581674576
video_01,q003,a yellow car,42.0,0.6084172129631042,0.07990364730358124
video_01,q001,a man with a red backpack,43.0,0.0,
video_01,q002,a cyclist,43.0,0.2535199820995331,0.05653579905629158
video_01,q003,a yellow car,43.0,0.6104472279548645,0.06910300999879837
video_01,q001,a man with a red backpack,44.0,0.258724182844162,0.05199696496129036
video_01,q002,a cyclist,44.0,0.3486297130584717,0.057261187583208084
video_01,q003,a yellow car,44.0,0.6257011890411377,0.068646639585495
video_01,q001,a man with a red backpack,45.0,0.0,
video_01,q002,a cyclist,45.0,0.3317123055458069,0.07433600723743439
video_01,q003,a yellow car,45.0,0.6238208413124084,0.08136224746704102
video_01,q001,a man with a red backpack,46.0,0.0,
video_01,q002,a cyclist,46.0,0.27936795353889465,0.057357057929039
video_01,q003,a yellow car,46.0,0.5971847176551819,0.06737605482339859
video_01,q001,a man with a red backpack,47.0,0.3948882520198822,0.019985875114798546
video_01,q002,a cyclist,47.0,0.31031110882759094,0.062223806977272034
video_01,q003,a yellow car,47.0,0.6409120559692383,0.06682633608579636
video_01,q001,a man with a red backpack,48.0,0.0,
video_01,q002,a cyclist,48.0,0.2543356120586395,0.0442943312227726
video_01,q003,a yellow car,48.0,0.6719005107879639,0.06689421832561493
video_01,q001,a man with a red backpack,49.0,0.0,
video_01,q002,a cyclist,49.0,0.0,
video_01,q003,a yellow car,49.0,0.6345347762107849,0.06585695594549179
video_01,q001,a man with a red backpack,50.0,0.0,
video_01,q002,a cyclist,50.0,0.35257628560066223,0.05914842337369919
video_01,q003,a yellow car,50.0,0.7935524582862854,0.0968034416437149
video_01,q001,a man with a red backpack,51.0,0.0,
video_01,q002,a cyclist,51.0,0.3842445909976959,0.06602834910154343
video_01,q003,a yellow car,51.0,0.8128702640533447,0.10269488394260406
video_01,q001,a man with a red backpack,52.0,0.2628032863140106,0.0521102249622345
video_01,q002,a cyclist,52.0,0.3737200200557709,0.05783563479781151
video_01,q003,a yellow car,52.0,0.6438782811164856,0.06732926517724991
video_01,q001,a man with a red backpack,53.0,0.0,
video_01,q002,a cyclist,53.0,0.37430089712142944,0.06873412430286407
video_01,q003,a yellow car,53.0,0.6200361251831055,0.1027841567993164
video_01,q001,a man with a red backpack,54.0,0.0,
video_01,q002,a cyclist,54.0,0.3821374475955963,0.055476248264312744
video_01,q003,a yellow car,54.0,0.7573627829551697,0.10397471487522125
video_01,q001,a man with a red backpack,55.0,0.0,
video_01,q002,a cyclist,55.0,0.35876163840293884,0.05169237032532692
video_01,q003,a yellow car,55.0,0.7339627146720886,0.09919202327728271
video_01,q001,a man with a red backpack,56.0,0.25015386939048767,0.03877859190106392
video_01,q002,a cyclist,56.0,0.390449583530426,0.06773962825536728
video_01,q003,a yellow car,56.0,0.8190362453460693,0.09555374085903168
video_01,q001,a man with a red backpack,57.0,0.0,
video_01,q002,a cyclist,57.0,0.37019380927085876,0.061112187802791595
video_01,q003,a yellow car,57.0,0.7718031406402588,0.09684918820858002
video_01,q001,a man with a red backpack,58.0,0.274650514125824,0.051168348640203476
video_01,q002,a cyclist,58.0,0.3949061632156372,0.051952213048934937
video_01,q003,a yellow car,58.0,0.8645000457763672,0.09798130393028259
video_01,q001,a man with a red backpack,59.0,0.0,
video_01,q002,a cyclist,59.0,0.2512575089931488,0.009508299641311169
video_01,q003,a yellow car,59.0,0.6047417521476746,0.06922191381454468
video_01,q001,a man with a red backpack,60.0,0.0,
video_01,q002,a cyclist,60.0,0.3366526961326599,0.06161656975746155
video_01,q003,a yellow car,60.0,0.5627966523170471,0.0684070810675621
video_01,q001,a man with a red backpack,61.0,0.0,
video_01,q002,a cyclist,61.0,0.3067888617515564,0.05446798726916313
video_01,q003,a yellow car,61.0,0.5814794301986694,0.06928835064172745
video_01,q001,a man with a red backpack,62.0,0.0,
video_01,q002,a cyclist,62.0,0.3514976501464844,0.0631776750087738
video_01,q003,a yellow car,62.0,0.5500341057777405,0.08296839147806168
video_01,q001,a man with a red backpack,63.0,0.0,
video_01,q002,a cyclist,63.0,0.3296128809452057,0.06267528980970383
video_01,q003,a yellow car,63.0,0.5621250867843628,0.07551497220993042
video_01,q001,a man with a red backpack,64.0,0.0,
video_01,q002,a cyclist,64.0,0.38010135293006897,0.07883312553167343
video_01,q003,a yellow car,64.0,0.524772584438324,0.0827452540397644
video_01,q001,a man with a red backpack,65.0,0.0,
video_01,q002,a cyclist,65.0,0.34433603286743164,0.07104010879993439
video_01,q003,a yellow car,65.0,0.5603103041648865,0.07390215247869492
video_01,q001,a man with a red backpack,66.0,0.0,
video_01,q002,a cyclist,66.0,0.381358802318573,0.06625460833311081
video_01,q003,a yellow car,66.0,0.6027970314025879,0.06887058913707733
video_01,q001,a man with a red backpack,67.0,0.0,
video_01,q002,a cyclist,67.0,0.42220309376716614,0.07075660675764084
video_01,q003,a yellow car,67.0,0.5681715607643127,0.08657361567020416
video_01,q001,a man with a red backpack,68.0,0.0,
video_01,q002,a cyclist,68.0,0.42579180002212524,0.07184179872274399
video_01,q003,a yellow car,68.0,0.5737002491950989,0.0833442211151123
video_01,q001,a man with a red backpack,69.0,0.0,
video_01,q002,a cyclist,69.0,0.34188926219940186,0.06356318295001984
video_01,q003,a yellow car,69.0,0.5833102464675903,0.08272664994001389
video_01,q001,a man with a red backpack,70.0,0.28774669766426086,0.03481272608041763
video_01,q002,a cyclist,70.0,0.363078773021698,0.05737244337797165
video_01,q003,a yellow car,70.0,0.6087098121643066,0.06541934609413147
video_01,q001,a man with a red backpack,71.0,0.0,
video_01,q002,a cyclist,71.0,0.3844180703163147,0.0712047666311264
video_01,q003,a yellow car,71.0,0.6006467938423157,0.080927275121212
video_01,q001,a man with a red backpack,72.0,0.0,
video_01,q002,a cyclist,72.0,0.34664392471313477,0.05111031234264374
video_01,q003,a yellow car,72.0,0.5977550745010376,0.08281435072422028
video_01,q001,a man with a red backpack,73.0,0.0,
video_01,q002,a cyclist,73.0,0.3917451500892639,0.06293037533760071
video_01,q003,a yellow car,73.0,0.589688241481781,0.06906801462173462
video_01,q001,a man with a red backpack,74.0,0.0,
video_01,q002,a cyclist,74.0,0.4090784788131714,0.05599066615104675
video_01,q003,a yellow car,74.0,0.6187276244163513,0.0659300833940506
video_01,q001,a man with a red backpack,75.0,0.0,
video_01,q002,a cyclist,75.0,0.0,
video_01,q003,a yellow car,75.0,0.49002188444137573,0.06070920079946518
video_01,q001,a man with a red backpack,76.0,0.3118375539779663,0.0674053430557251
video_01,q002,a cyclist,76.0,0.36321666836738586,0.05205781012773514
video_01,q003,a yellow car,76.0,0.47790515422821045,0.08161374926567078
video_01,q001,a man with a red backpack,77.0,0.27954399585723877,0.04380327835679054
video_01,q002,a cyclist,77.0,0.3895985186100006,0.08506110310554504
video_01,q003,a yellow car,77.0,0.4516581892967224,0.08906950801610947
video_01,q001,a man with a red backpack,78.0,0.26382753252983093,0.06306077539920807
video_01,q002,a cyclist,78.0,0.426281601190567,0.07466515898704529
video_01,q003,a yellow car,78.0,0.519477128982544,0.06284939497709274
video_01,q001,a man with a red backpack,79.0,0.25095924735069275,0.05701605975627899
video_01,q002,a cyclist,79.0,0.39644429087638855,0.08675834536552429
video_01,q003,a yellow car,79.0,0.5747168660163879,0.0638369470834732
video_01,q001,a man with a red backpack,80.0,0.0,
video_01,q002,a cyclist,80.0,0.0,
video_01,q003,a yellow car,80.0,0.44004589319229126,0.06418764591217041
video_01,q001,a man with a red backpack,81.0,0.0,
video_01,q002,a cyclist,81.0,0.26703888177871704,0.06913156807422638
video_01,q003,a yellow car,81.0,0.49466651678085327,0.06370127946138382
video_01,q001,a man with a red backpack,82.0,0.0,
video_01,q002,a cyclist,82.0,0.0,
video_01,q003,a yellow car,82.0,0.570369303226471,0.0660044476389885
video_01,q001,a man with a red backpack,83.0,0.0,
video_01,q002,a cyclist,83.0,0.0,
video_01,q003,a yellow car,83.0,0.678466260433197,0.06007133424282074
video_01,q001,a man with a red backpack,84.0,0.0,
video_01,q002,a cyclist,84.0,0.27913570404052734,0.062048569321632385
video_01,q003,a yellow car,84.0,0.60652756690979,0.06475737690925598
video_01,q001,a man with a red backpack,85.0,0.0,
video_01,q002,a cyclist,85.0,0.0,
video_01,q003,a yellow car,85.0,0.5536236763000488,0.06936948001384735
video_01,q001,a man with a red backpack,86.0,0.0,
video_01,q002,a cyclist,86.0,0.0,
video_01,q003,a yellow car,86.0,0.5811766386032104,0.0705193504691124
video_01,q001,a man with a red backpack,87.0,0.0,
video_01,q002,a cyclist,87.0,0.0,
video_01,q003,a yellow car,87.0,0.558547854423523,0.06763026118278503
video_01,q001,a man with a red backpack,88.0,0.0,
video_01,q002,a cyclist,88.0,0.25096458196640015,0.055536799132823944
video_01,q003,a yellow car,88.0,0.5767326354980469,0.10811122506856918
video_01,q001,a man with a red backpack,89.0,0.0,
video_01,q002,a cyclist,89.0,0.0,
video_01,q003,a yellow car,89.0,0.6575484871864319,0.06960549205541611
video_01,q001,a man with a red backpack,90.0,0.2504604458808899,0.029280729591846466
video_01,q002,a cyclist,90.0,0.38419628143310547,0.08072444796562195
video_01,q003,a yellow car,90.0,0.56035977602005,0.10017512738704681
video_01,q001,a man with a red backpack,91.0,0.28347447514533997,0.06142549216747284
video_01,q002,a cyclist,91.0,0.41043269634246826,0.08340060710906982
video_01,q003,a yellow car,91.0,0.6029184460639954,0.06436971575021744
video_01,q001,a man with a red backpack,92.0,0.3134444057941437,0.03569153696298599
video_01,q002,a cyclist,92.0,0.39648517966270447,0.060997385531663895
video_01,q003,a yellow car,92.0,0.6379773616790771,0.0993712842464447
video_01,q001,a man with a red backpack,93.0,0.0,
video_01,q002,a cyclist,93.0,0.3555033504962921,0.050961919128894806
video_01,q003,a yellow car,93.0,0.6722826957702637,0.10625383257865906
video_01,q001,a man with a red backpack,94.0,0.3946908116340637,0.05204165726900101
video_01,q002,a cyclist,94.0,0.3907480239868164,0.0861312672495842
video_01,q003,a yellow car,94.0,0.7789739966392517,0.09736276417970657
video_01,q001,a man with a red backpack,95.0,0.0,
video_01,q002,a cyclist,95.0,0.38635772466659546,0.09686823934316635
video_01,q003,a yellow car,95.0,0.7102369666099548,0.10360652953386307
video_01,q001,a man with a red backpack,96.0,0.0,
video_01,q002,a cyclist,96.0,0.4136348068714142,0.07395531237125397
video_01,q003,a yellow car,96.0,0.7131724953651428,0.0868707224726677
video_01,q001,a man with a red backpack,97.0,0.0,
video_01,q002,a cyclist,97.0,0.4148555397987366,0.048490867018699646
video_01,q003,a yellow car,97.0,0.8086643815040588,0.0933132916688919
video_01,q001,a man with a red backpack,98.0,0.30111080408096313,0.04679538309574127
video_01,q002,a cyclist,98.0,0.42736127972602844,0.08000725507736206
video_01,q003,a yellow car,98.0,0.7632821202278137,0.09221995621919632
video_01,q001,a man with a red backpack,99.0,0.0,
video_01,q002,a cyclist,99.0,0.40604472160339355,0.0855662077665329
video_01,q003,a yellow car,99.0,0.5052805542945862,0.09317204356193542
video_01,q001,a man with a red backpack,100.0,0.30763158202171326,0.053495168685913086
video_01,q002,a cyclist,100.0,0.3812655508518219,0.07195430994033813
video_01,q003,a yellow car,100.0,0.5819524526596069,0.08938135206699371
video_01,q001,a man with a red backpack,101.0,0.25411173701286316,0.01936456561088562
video_01,q002,a cyclist,101.0,0.4162916839122772,0.07690706104040146
video_01,q003,a yellow car,101.0,0.5719695091247559,0.08190436661243439
video_01,q001,a man with a red backpack,102.0,0.0,
video_01,q002,a cyclist,102.0,0.3275911808013916,0.08056564629077911
video_01,q003,a yellow car,102.0,0.5099409222602844,0.08358029276132584
video_01,q001,a man with a red backpack,103.0,0.0,
video_01,q002,a cyclist,103.0,0.4133285880088806,0.0763707160949707
video_01,q003,a yellow car,103.0,0.6093568801879883,0.0820719450712204
video_01,q001,a man with a red backpack,104.0,0.0,
video_01,q002,a cyclist,104.0,0.38474205136299133,0.09384018927812576
video_01,q003,a yellow car,104.0,0.538025975227356,0.08182267844676971
video_01,q001,a man with a red backpack,105.0,0.0,
video_01,q002,a cyclist,105.0,0.3587174117565155,0.07201451063156128
video_01,q003,a yellow car,105.0,0.4407865107059479,0.08230547606945038
video_01,q001,a man with a red backpack,106.0,0.0,
video_01,q002,a cyclist,106.0,0.35947975516319275,0.06905033439397812
video_01,q003,a yellow car,106.0,0.6014611721038818,0.09512795507907867
video_01,q001,a man with a red backpack,107.0,0.0,
video_01,q002,a cyclist,107.0,0.343599408864975,0.05880086496472359
video_01,q003,a yellow car,107.0,0.5721123814582825,0.06795917451381683
video_01,q001,a man with a red backpack,108.0,0.29343879222869873,0.053278181701898575
video_01,q002,a cyclist,108.0,0.3777616322040558,0.046983614563941956
video_01,q003,a yellow car,108.0,0.7407910227775574,0.07337017357349396
video_01,q001,a man with a red backpack,109.0,0.2918875515460968,0.04328850284218788
video_01,q002,a cyclist,109.0,0.36396661400794983,0.07495042681694031
video_01,q003,a yellow car,109.0,0.8046598434448242,0.0922263041138649
video_01,q001,a man with a red backpack,110.0,0.0,
video_01,q002,a cyclist,110.0,0.36952272057533264,0.08575490862131119
video_01,q003,a yellow car,110.0,0.7539699673652649,0.0906035527586937
video_01,q001,a man with a red backpack,111.0,0.0,
video_01,q002,a cyclist,111.0,0.3586346507072449,0.05848485976457596
video_01,q003,a yellow car,111.0,0.8100633025169373,0.08706485480070114
video_01,q001,a man with a red backpack,112.0,0.29313379526138306,0.09466008841991425
video_01,q002,a cyclist,112.0,0.41857248544692993,0.1314239501953125
video_01,q003,a yellow car,112.0,0.8855845928192139,0.09549777954816818
video_01,q001,a man with a red backpack,113.0,0.30950894951820374,0.07966490089893341
video_01,q002,a cyclist,113.0,0.5854823589324951,0.1356123983860016
video_01,q003,a yellow car,113.0,0.8746799230575562,0.0951632410287857
video_01,q001,a man with a red backpack,114.0,0.3288480341434479,0.078471839427948
video_01,q002,a cyclist,114.0,0.544131338596344,0.1326601505279541
video_01,q003,a yellow car,114.0,0.8986096382141113,0.08428262919187546
video_01,q001,a man with a red backpack,115.0,0.32775261998176575,0.061744049191474915
video_01,q002,a cyclist,115.0,0.5385948419570923,0.13575278222560883
video_01,q003,a yellow car,115.0,0.7112814784049988,0.06167744845151901
video_01,q001,a man with a red backpack,116.0,0.308942586183548,0.06860687583684921
video_01,q002,a cyclist,116.0,0.41589272022247314,0.12578924000263214
video_01,q003,a yellow car,116.0,0.6351950764656067,0.06016773730516434
video_01,q001,a man with a red backpack,117.0,0.3412070572376251,0.08077641576528549
video_01,q002,a cyclist,117.0,0.5020331144332886,0.1356055587530136
video_01,q003,a yellow car,117.0,0.6923657059669495,0.059755705296993256
video_01,q001,a man with a red backpack,118.0,0.37162771821022034,0.07667958736419678
video_01,q002,a cyclist,118.0,0.46239158511161804,0.13934484124183655
video_01,q003,a yellow car,118.0,0.7015540599822998,0.06618990749120712
video_01,q001,a man with a red backpack,119.0,0.3796543776988983,0.1112900823354721
video_01,q002,a cyclist,119.0,0.47908052802085876,0.1406841278076172
video_01,q003,a yellow car,119.0,0.6979836821556091,0.0630444586277008
video_01,q001,a man with a red backpack,120.0,0.3525329530239105,0.07111185044050217
video_01,q002,a cyclist,120.0,0.45448195934295654,0.13166622817516327
video_01,q003,a yellow car,120.0,0.71039217710495,0.06386198848485947
video_01,q001,a man with a red backpack,121.0,0.347292423248291,0.05739074572920799
video_01,q002,a cyclist,121.0,0.42294660210609436,0.1289958655834198
video_01,q003,a yellow car,121.0,0.7446447014808655,0.06492352485656738
video_01,q001,a man with a red backpack,122.0,0.3586619198322296,0.05673166736960411
video_01,q002,a cyclist,122.0,0.4114157259464264,0.12353543937206268
video_01,q003,a yellow car,122.0,0.7124748826026917,0.06549031287431717
video_01,q001,a man with a red backpack,123.0,0.3554282784461975,0.08025117218494415
video_01,q002,a cyclist,123.0,0.4408192038536072,0.12434323877096176
video_01,q003,a yellow car,123.0,0.7462298274040222,0.06568434834480286
video_01,q001,a man with a red backpack,124.0,0.32302266359329224,0.05379622057080269
video_01,q002,a cyclist,124.0,0.44970932602882385,0.08120077103376389
video_01,q003,a yellow car,124.0,0.7799317836761475,0.06318884342908859
video_01,q001,a man with a red backpack,125.0,0.34111765027046204,0.045718759298324585
video_01,q002,a cyclist,125.0,0.43271252512931824,0.09764859080314636
video_01,q003,a yellow car,125.0,0.6915861964225769,0.06394998729228973
video_01,q001,a man with a red backpack,126.0,0.33558720350265503,0.0684032142162323
video_01,q002,a cyclist,126.0,0.4458348751068115,0.10864570736885071
video_01,q003,a yellow car,126.0,0.7761054635047913,0.067205511033535
video_01,q001,a man with a red backpack,127.0,0.338133841753006,0.056290823966264725
video_01,q002,a cyclist,127.0,0.4034964144229889,0.05812333524227142
video_01,q003,a yellow car,127.0,0.7862378358840942,0.06648575514554977
video_01,q001,a man with a red backpack,128.0,0.0,
video_01,q002,a cyclist,128.0,0.3012426793575287,0.06666605174541473
video_01,q003,a yellow car,128.0,0.646067202091217,0.06621401011943817
video_01,q001,a man with a red backpack,129.0,0.0,
video_01,q002,a cyclist,129.0,0.3004764914512634,0.06274531036615372
video_01,q003,a yellow car,129.0,0.7015989422798157,0.06575986742973328
video_01,q001,a man with a red backpack,130.0,0.0,
video_01,q002,a cyclist,130.0,0.32723426818847656,0.07142413407564163
video_01,q003,a yellow car,130.0,0.606640100479126,0.06515395641326904
video_01,q001,a man with a red backpack,131.0,0.0,
video_01,q002,a cyclist,131.0,0.33680668473243713,0.060114480555057526
video_01,q003,a yellow car,131.0,0.5868529677391052,0.06684032827615738
video_01,q001,a man with a red backpack,132.0,0.0,
video_01,q002,a cyclist,132.0,0.36818480491638184,0.05917352810502052
video_01,q003,a yellow car,132.0,0.6147914528846741,0.09017734974622726
video_01,q001,a man with a red backpack,133.0,0.0,
video_01,q002,a cyclist,133.0,0.38367903232574463,0.055927008390426636
video_01,q003,a yellow car,133.0,0.5684559345245361,0.09132800996303558
video_01,q001,a man with a red backpack,134.0,0.0,
video_01,q002,a cyclist,134.0,0.30055147409439087,0.06726934760808945
video_01,q003,a yellow car,134.0,0.4825833737850189,0.08780384063720703
video_01,q001,a man with a red backpack,135.0,0.0,
video_01,q002,a cyclist,135.0,0.307548850774765,0.0667204037308693
video_01,q003,a yellow car,135.0,0.6125255227088928,0.06647764891386032
video_01,q001,a man with a red backpack,136.0,0.0,
video_01,q002,a cyclist,136.0,0.35016244649887085,0.0727657899260521
video_01,q003,a yellow car,136.0,0.6507258415222168,0.0646241158246994
video_01,q001,a man with a red backpack,137.0,0.0,
video_01,q002,a cyclist,137.0,0.33705782890319824,0.06643975526094437
video_01,q003,a yellow car,137.0,0.8592655062675476,0.10442010313272476
video_01,q001,a man with a red backpack,138.0,0.0,
video_01,q002,a cyclist,138.0,0.3643703758716583,0.049293018877506256
video_01,q003,a yellow car,138.0,0.7428693175315857,0.06587280333042145
video_01,q001,a man with a red backpack,139.0,0.0,
video_01,q002,a cyclist,139.0,0.3726210594177246,0.05495496839284897
video_01,q003,a yellow car,139.0,0.7088906764984131,0.06702941656112671
video_01,q001,a man with a red backpack,140.0,0.2857004404067993,0.0798143818974495
video_01,q002,a cyclist,140.0,0.4212294816970825,0.06086453050374985
video_01,q003,a yellow car,140.0,0.7660000324249268,0.08816246688365936
video_01,q001,a man with a red backpack,141.0,0.0,
video_01,q002,a cyclist,141.0,0.35507532954216003,0.05374007672071457
video_01,q003,a yellow car,141.0,0.8090890645980835,0.09041185677051544
video_01,q001,a man with a red backpack,142.0,0.0,
video_01,q002,a cyclist,142.0,0.41306373476982117,0.06532467156648636
video_01,q003,a yellow car,142.0,0.7299887537956238,0.06394942104816437
video_01,q001,a man with a red backpack,143.0,0.0,
video_01,q002,a cyclist,143.0,0.4044019281864166,0.06337364763021469
video_01,q003,a yellow car,143.0,0.7513217329978943,0.06563156843185425
video_01,q001,a man with a red backpack,144.0,0.0,
video_01,q002,a cyclist,144.0,0.3965895473957062,0.06908658891916275
video_01,q003,a yellow car,144.0,0.7418419122695923,0.06333023309707642
video_01,q001,a man with a red backpack,145.0,0.0,
video_01,q002,a cyclist,145.0,0.44478002190589905,0.08820033818483353
video_01,q003,a yellow car,145.0,0.6493912935256958,0.06251569092273712
video_01,q001,a man with a red backpack,146.0,0.25494351983070374,0.05744829401373863
video_01,q002,a cyclist,146.0,0.4024285078048706,0.07011136412620544
video_01,q003,a yellow car,146.0,0.6065078973770142,0.06529586017131805
video_01,q001,a man with a red backpack,147.0,0.25257620215415955,0.06450948864221573
video_01,q002,a cyclist,147.0,0.44148069620132446,0.06587840616703033
video_01,q003,a yellow car,147.0,0.662760853767395,0.07196660339832306
video_01,q001,a man with a red backpack,148.0,0.25647297501564026,0.05243348330259323
video_01,q002,a cyclist,148.0,0.4477682113647461,0.0680466815829277
video_01,q003,a yellow car,148.0,0.6499800086021423,0.06613993644714355
video_01,q001,a man with a red backpack,149.0,0.2713213562965393,0.07043160498142242
video_01,q002,a cyclist,149.0,0.3475189805030823,0.08508655428886414
video_01,q003,a yellow car,149.0,0.6290392875671387,0.07020735740661621
video_01,q001,a man with a red backpack,150.0,0.2695719599723816,0.06031222641468048
video_01,q002,a cyclist,150.0,0.4206336736679077,0.0536770224571228
video_01,q003,a yellow car,150.0,0.7248086929321289,0.08949558436870575
video_01,q001,a man with a red backpack,151.0,0.29038673639297485,0.0353512279689312
video_01,q002,a cyclist,151.0,0.4971562623977661,0.058731287717819214
video_01,q003,a yellow car,151.0,0.739270806312561,0.08440688997507095
video_01,q001,a man with a red backpack,152.0,0.3027981221675873,0.030480703338980675
video_01,q002,a cyclist,152.0,0.4282303750514984,0.05989277362823486
video_01,q003,a yellow car,152.0,0.7296271920204163,0.08103986084461212
video_01,q001,a man with a red backpack,153.0,0.0,
video_01,q002,a cyclist,153.0,0.330904483795166,0.05680513381958008
video_01,q003,a yellow car,153.0,0.649078905582428,0.08080573379993439
video_01,q001,a man with a red backpack,154.0,0.0,
video_01,q002,a cyclist,154.0,0.34311261773109436,0.09093482792377472
video_01,q003,a yellow car,154.0,0.5680177807807922,0.08553069084882736
video_01,q001,a man with a red backpack,155.0,0.0,
video_01,q002,a cyclist,155.0,0.3161475956439972,0.07851221412420273
video_01,q003,a yellow car,155.0,0.620044469833374,0.05995998531579971
video_01,q001,a man with a red backpack,156.0,0.323106974363327,0.01645716279745102
video_01,q002,a cyclist,156.0,0.4198945462703705,0.10398036241531372
video_01,q003,a yellow car,156.0,0.7031468152999878,0.06174900382757187
video_01,q001,a man with a red backpack,157.0,0.297793984413147,0.038486793637275696
video_01,q002,a cyclist,157.0,0.39916253089904785,0.08963079750537872
video_01,q003,a yellow car,157.0,0.7300069332122803,0.07551731169223785
video_01,q001,a man with a red backpack,158.0,0.3149113357067108,0.035446930676698685
video_01,q002,a cyclist,158.0,0.3512776792049408,0.08355288207530975
video_01,q003,a yellow car,158.0,0.5146397948265076,0.05797173082828522
video_01,q001,a man with a red backpack,159.0,0.3279699981212616,0.022518066689372063
video_01,q002,a cyclist,159.0,0.38371503353118896,0.0854402631521225
video_01,q003,a yellow car,159.0,0.4761597812175751,0.08978170156478882
video_01,q001,a man with a red backpack,160.0,0.287040114402771,0.04671500250697136
video_01,q002,a cyclist,160.0,0.3489611744880676,0.07949404418468475
video_01,q003,a yellow car,160.0,0.4408222734928131,0.05567766726016998
video_01,q001,a man with a red backpack,161.0,0.0,
video_01,q002,a cyclist,161.0,0.3207927644252777,0.05676010996103287
video_01,q003,a yellow car,161.0,0.4076380133628845,0.056954313069581985
video_01,q001,a man with a red backpack,162.0,0.0,
video_01,q002,a cyclist,162.0,0.33459246158599854,0.05851830169558525
video_01,q003,a yellow car,162.0,0.6357102990150452,0.056805796921253204
video_01,q001,a man with a red backpack,163.0,0.25949984788894653,0.021320587024092674
video_01,q002,a cyclist,163.0,0.3608418107032776,0.09665486216545105
video_01,q003,a yellow car,163.0,0.5115112066268921,0.07604021579027176
video_01,q001,a man with a red backpack,164.0,0.0,
video_01,q002,a cyclist,164.0,0.3886939585208893,0.09851287305355072
video_01,q003,a yellow car,164.0,0.6815399527549744,0.07478964328765869
video_01,q001,a man with a red backpack,165.0,0.27367424964904785,0.022206952795386314
video_01,q002,a cyclist,165.0,0.39365077018737793,0.07146675884723663
video_01,q003,a yellow car,165.0,0.6968832015991211,0.07065676152706146
video_01,q001,a man with a red backpack,166.0,0.0,
video_01,q002,a cyclist,166.0,0.3916647732257843,0.06494234502315521
video_01,q003,a yellow car,166.0,0.6977824568748474,0.07228933274745941
video_01,q001,a man with a red backpack,167.0,0.25956061482429504,0.035018689930438995
video_01,q002,a cyclist,167.0,0.39057624340057373,0.10695503652095795
video_01,q003,a yellow car,167.0,0.6793554425239563,0.07276464998722076
video_01,q001,a man with a red backpack,168.0,0.2556469738483429,0.02080504596233368
video_01,q002,a cyclist,168.0,0.3763446509838104,0.09802607446908951
video_01,q003,a yellow car,168.0,0.5735719799995422,0.08046913146972656
video_01,q001,a man with a red backpack,169.0,0.2726120352745056,0.01964307576417923
video_01,q002,a cyclist,169.0,0.3686024844646454,0.1057232916355133
video_01,q003,a yellow car,169.0,0.6033747792243958,0.0764116570353508
video_01,q001,a man with a red backpack,170.0,0.0,
video_01,q002,a cyclist,170.0,0.35769927501678467,0.10296662151813507
video_01,q003,a yellow car,170.0,0.70790696144104,0.07949575781822205
video_01,q001,a man with a red backpack,171.0,0.0,
video_01,q002,a cyclist,171.0,0.4122333526611328,0.10379117727279663
video_01,q003,a yellow car,171.0,0.7559179067611694,0.061897389590740204
video_01,q001,a man with a red backpack,172.0,0.0,
video_01,q002,a cyclist,172.0,0.39731302857398987,0.08543695509433746
video_01,q003,a yellow car,172.0,0.7438094019889832,0.07807940244674683
video_01,q001,a man with a red backpack,173.0,0.2781651020050049,-0.004258830100297928
video_01,q002,a cyclist,173.0,0.42635345458984375,0.09895403683185577
video_01,q003,a yellow car,173.0,0.7314150333404541,0.06451570242643356
video_01,q001,a man with a red backpack,174.0,0.0,
video_01,q002,a cyclist,174.0,0.39506998658180237,0.09310538321733475
video_01,q003,a yellow car,174.0,0.7436649799346924,0.06568695604801178
video_01,q001,a man with a red backpack,175.0,0.3052951991558075,0.0361102819442749
video_01,q002,a cyclist,175.0,0.3786361515522003,0.09230530261993408
video_01,q003,a yellow car,175.0,0.7486823797225952,0.08755212277173996
video_01,q001,a man with a red backpack,176.0,0.30461248755455017,0.02610369771718979
video_01,q002,a cyclist,176.0,0.38208162784576416,0.10334130376577377
video_01,q003,a yellow car,176.0,0.7278489470481873,0.08847879618406296
video_01,q001,a man with a red backpack,177.0,0.0,
video_01,q002,a cyclist,177.0,0.3748740255832672,0.09516800940036774
video_01,q003,a yellow car,177.0,0.783958911895752,0.08857711404561996
video_01,q001,a man with a red backpack,178.0,0.0,
video_01,q002,a cyclist,178.0,0.38244402408599854,0.08597096800804138
video_01,q003,a yellow car,178.0,0.7603026628494263,0.08860796689987183
video_01,q001,a man with a red backpack,179.0,0.0,
video_01,q002,a cyclist,179.0,0.400709331035614,0.10242904722690582
video_01,q003,a yellow car,179.0,0.7112979888916016,0.08773201704025269
video_01,q001,a man with a red backpack,180.0,0.3222772777080536,0.007528986781835556
video_01,q002,a cyclist,180.0,0.42490875720977783,0.07694818079471588
video_01,q003,a yellow car,180.0,0.716076135635376,0.08860664069652557
video_01,q001,a man with a red backpack,181.0,0.27595028281211853,0.026074130088090897
video_01,q002,a cyclist,181.0,0.5511819124221802,0.13649925589561462
video_01,q003,a yellow car,181.0,0.6485889554023743,0.07759749889373779
video_01,q001,a man with a red backpack,182.0,0.3146144151687622,0.005059963092207909
video_01,q002,a cyclist,182.0,0.5416477918624878,0.1383495330810547
video_01,q003,a yellow car,182.0,0.6043006777763367,0.08245730400085449
video_01,q001,a man with a red backpack,183.0,0.28208038210868835,0.06645332276821136
video_01,q002,a cyclist,183.0,0.47751179337501526,0.1365625113248825
video_01,q003,a yellow car,183.0,0.6516349911689758,0.0696534737944603
video_01,q001,a man with a red backpack,184.0,0.26233187317848206,0.04163997247815132
video_01,q002,a cyclist,184.0,0.39785218238830566,0.0827537551522255
video_01,q003,a yellow car,184.0,0.7411757707595825,0.08165965229272842
video_01,q001,a man with a red backpack,185.0,0.31700456142425537,0.02698536403477192
video_01,q002,a cyclist,185.0,0.4995728135108948,0.052792537957429886
video_01,q003,a yellow car,185.0,0.7458165884017944,0.08274009823799133
video_01,q001,a man with a red backpack,186.0,0.32697823643684387,0.04829922318458557
video_01,q002,a cyclist,186.0,0.4023023843765259,0.08261431753635406
video_01,q003,a yellow car,186.0,0.7556934356689453,0.0825255960226059
video_01,q001,a man with a red backpack,187.0,0.0,
video_01,q002,a cyclist,187.0,0.39364710450172424,0.06687936186790466
video_01,q003,a yellow car,187.0,0.6716127395629883,0.08387332409620285
video_01,q001,a man with a red backpack,188.0,0.0,
video_01,q002,a cyclist,188.0,0.41497737169265747,0.06532761454582214
video_01,q003,a yellow car,188.0,0.5788185000419617,0.08318234980106354
video_01,q001,a man with a red backpack,189.0,0.3078457713127136,0.04409667104482651
video_01,q002,a cyclist,189.0,0.4217778444290161,0.06849878281354904
video_01,q003,a yellow car,189.0,0.6187425851821899,0.05681426823139191
video_01,q001,a man with a red backpack,190.0,0.32710200548171997,0.04194005951285362
video_01,q002,a cyclist,190.0,0.4009301960468292,0.0778779536485672
video_01,q003,a yellow car,190.0,0.49111616611480713,0.05511357635259628
video_01,q001,a man with a red backpack,191.0,0.32888907194137573,0.03590463474392891
video_01,q002,a cyclist,191.0,0.3915596902370453,0.07357876002788544
video_01,q003,a yellow car,191.0,0.7620972394943237,0.08964031934738159
video_01,q001,a man with a red backpack,192.0,0.2948019802570343,0.03822052851319313
video_01,q002,a cyclist,192.0,0.3614637553691864,0.07974410802125931
video_01,q003,a yellow car,192.0,0.745620846748352,0.08891522139310837
video_01,q001,a man with a red backpack,193.0,0.3040153980255127,0.049093205481767654
video_01,q002,a cyclist,193.0,0.38801267743110657,0.06421981006860733
video_01,q003,a yellow car,193.0,0.8264970779418945,0.08692285418510437
video_01,q001,a man with a red backpack,194.0,0.28133097290992737,0.026261884719133377
video_01,q002,a cyclist,194.0,0.37929800152778625,0.07529144734144211
video_01,q003,a yellow car,194.0,0.8360720872879028,0.0847259983420372
video_01,q001,a man with a red backpack,195.0,0.3515259921550751,0.03529968485236168
video_01,q002,a cyclist,195.0,0.3859447240829468,0.09800055623054504
video_01,q003,a yellow car,195.0,0.8949354887008667,0.08186380565166473
video_01,q001,a man with a red backpack,196.0,0.3686107099056244,0.026855068281292915
video_01,q002,a cyclist,196.0,0.45749250054359436,0.0684744119644165
video_01,q003,a yellow car,196.0,0.8485854864120483,0.0871247723698616
video_01,q001,a man with a red backpack,197.0,0.3050178289413452,0.028155380859971046
video_01,q002,a cyclist,197.0,0.36032938957214355,0.06251423060894012
video_01,q003,a yellow car,197.0,0.8826720714569092,0.08076232671737671
video_01,q001,a man with a red backpack,198.0,0.33103007078170776,0.03481484204530716
video_01,q002,a cyclist,198.0,0.3966507911682129,0.07916493713855743
video_01,q003,a yellow car,198.0,0.7252665758132935,0.08439621329307556
video_01,q001,a man with a red backpack,199.0,0.3048744797706604,0.04003894329071045
video_01,q002,a cyclist,199.0,0.3627290427684784,0.06242024153470993
video_01,q003,a yellow car,199.0,0.6761634349822998,0.08266280591487885
video_01,q001,a man with a red backpack,200.0,0.3063305616378784,0.0490759052336216
video_01,q002,a cyclist,200.0,0.37387001514434814,0.08538249880075455
video_01,q003,a yellow car,200.0,0.7461944222450256,0.08884670585393906
video_01,q001,a man with a red backpack,201.0,0.3274020552635193,0.03522999957203865
video_01,q002,a cyclist,201.0,0.360981822013855,0.07138095796108246
video_01,q003,a yellow car,201.0,0.670301616191864,0.08294744789600372
video_01,q001,a man with a red backpack,202.0,0.36447951197624207,0.05778035894036293
video_01,q002,a cyclist,202.0,0.4088515341281891,0.062332987785339355
video_01,q003,a yellow car,202.0,0.6278533339500427,0.08534146845340729
video_01,q001,a man with a red backpack,203.0,0.25443723797798157,0.012248929589986801
video_01,q002,a cyclist,203.0,0.3528330326080322,0.05581722781062126
video_01,q003,a yellow car,203.0,0.6044257283210754,0.08408380299806595
video_01,q001,a man with a red backpack,204.0,0.0,
video_01,q002,a cyclist,204.0,0.40510109066963196,0.10601901262998581
video_01,q003,a yellow car,204.0,0.47183987498283386,0.0840442106127739
video_01,q001,a man with a red backpack,205.0,0.3211060166358948,0.032879531383514404
video_01,q002,a cyclist,205.0,0.40817901492118835,0.12565438449382782
video_01,q003,a yellow car,205.0,0.606950581073761,0.007009753957390785
video_01,q001,a man with a red backpack,206.0,0.36000093817710876,0.027432799339294434
video_01,q002,a cyclist,206.0,0.46351924538612366,0.1228957325220108
video_01,q003,a yellow car,206.0,0.6010286808013916,0.012036671862006187
video_01,q001,a man with a red backpack,207.0,0.35702383518218994,0.04967869073152542
video_01,q002,a cyclist,207.0,0.4151366353034973,0.12189475446939468
video_01,q003,a yellow car,207.0,0.5365248322486877,0.012188960798084736
video_01,q001,a man with a red backpack,208.0,0.3428070545196533,0.028996672481298447
video_01,q002,a cyclist,208.0,0.3972369432449341,0.07173973321914673
video_01,q003,a yellow car,208.0,0.5587769746780396,0.09004808962345123
video_01,q001,a man with a red backpack,209.0,0.3520905077457428,0.0761951357126236
video_01,q002,a cyclist,209.0,0.37223291397094727,0.058446869254112244
video_01,q003,a yellow car,209.0,0.6584310531616211,0.07243507355451584
video_01,q001,a man with a red backpack,210.0,0.35730457305908203,0.051687728613615036
video_01,q002,a cyclist,210.0,0.380491703748703,0.0515071302652359
video_01,q003,a yellow car,210.0,0.6506533026695251,0.026765599846839905
video_01,q001,a man with a red backpack,211.0,0.3490705192089081,0.05695426091551781
video_01,q002,a cyclist,211.0,0.48832204937934875,0.06638287007808685
video_01,q003,a yellow car,211.0,0.5393838882446289,0.009237208403646946
video_01,q001,a man with a red backpack,212.0,0.33828553557395935,0.020352356135845184
video_01,q002,a cyclist,212.0,0.43323570489883423,0.07431250810623169
video_01,q003,a yellow car,212.0,0.6505345702171326,0.08252263814210892
video_01,q001,a man with a red backpack,213.0,0.2508990466594696,0.06795508414506912
video_01,q002,a cyclist,213.0,0.36839720606803894,0.07635939866304398
video_01,q003,a yellow car,213.0,0.6340773105621338,0.08301818370819092
video_01,q001,a man with a red backpack,214.0,0.2739869952201843,0.021772043779492378
video_01,q002,a cyclist,214.0,0.3865390121936798,0.05835970863699913
video_01,q003,a yellow car,214.0,0.5796181559562683,0.08428147435188293
video_01,q001,a man with a red backpack,215.0,0.38852179050445557,0.04580966383218765
video_01,q002,a cyclist,215.0,0.37205153703689575,0.07576297223567963
video_01,q003,a yellow car,215.0,0.6355943083763123,0.08025980740785599
video_01,q001,a man with a red backpack,216.0,0.35164615511894226,0.03829187527298927
video_01,q002,a cyclist,216.0,0.4626045823097229,0.07870475947856903
video_01,q003,a yellow car,216.0,0.6447768211364746,0.08384633809328079
video_01,q001,a man with a red backpack,217.0,0.40646740794181824,0.05506984889507294
video_01,q002,a cyclist,217.0,0.4351283609867096,0.07513619214296341
video_01,q003,a yellow car,217.0,0.6404337286949158,0.08339684456586838
video_01,q001,a man with a red backpack,218.0,0.3791671097278595,0.05602775514125824
video_01,q002,a cyclist,218.0,0.47049692273139954,0.07734782993793488
video_01,q003,a yellow car,218.0,0.6757673621177673,0.08359535783529282
video_01,q001,a man with a red backpack,219.0,0.37959524989128113,0.061700642108917236
video_01,q002,a cyclist,219.0,0.3719485402107239,0.07730070501565933
video_01,q003,a yellow car,219.0,0.6871398687362671,0.08316867053508759
video_01,q001,a man with a red backpack,220.0,0.41361433267593384,0.05064376816153526
video_01,q002,a cyclist,220.0,0.37703216075897217,0.08765891194343567
video_01,q003,a yellow car,220.0,0.6424227356910706,0.08333861827850342
video_06,q046,a person wearing a red cap,0.0,0.0,
video_06,q047,TV,0.0,0.0,
video_06,q048,a police car ,0.0,0.441487193107605,0.05911161005496979
video_06,q046,a person wearing a red cap,1.0,0.0,
video_06,q047,TV,1.0,0.0,
video_06,q048,a police car ,1.0,0.47506728768348694,0.06619686633348465
video_06,q046,a person wearing a red cap,2.0,0.0,
video_06,q047,TV,2.0,0.0,
video_06,q048,a police car ,2.0,0.6902698874473572,0.02876802533864975
video_06,q046,a person wearing a red cap,3.0,0.0,
video_06,q047,TV,3.0,0.0,
video_06,q048,a police car ,3.0,0.7049831748008728,0.041086845099925995
video_06,q046,a person wearing a red cap,4.0,0.0,
video_06,q047,TV,4.0,0.0,
video_06,q048,a police car ,4.0,0.7274195551872253,0.027335327118635178
video_06,q046,a person wearing a red cap,5.0,0.0,
video_06,q047,TV,5.0,0.0,
video_06,q048,a police car ,5.0,0.7608345746994019,0.03182850033044815
video_06,q046,a person wearing a red cap,6.0,0.0,
video_06,q047,TV,6.0,0.0,
video_06,q048,a police car ,6.0,0.7200609445571899,0.02627006731927395
video_06,q046,a person wearing a red cap,7.0,0.0,
video_06,q047,TV,7.0,0.0,
video_06,q048,a police car ,7.0,0.72071373462677,0.02773350663483143
video_06,q046,a person wearing a red cap,8.0,0.0,
video_06,q047,TV,8.0,0.0,
video_06,q048,a police car ,8.0,0.6584262847900391,0.009496744722127914
video_06,q046,a person wearing a red cap,9.0,0.0,
video_06,q047,TV,9.0,0.2580993175506592,0.03664325922727585
video_06,q048,a police car ,9.0,0.6698768138885498,0.0045557403936982155
video_06,q046,a person wearing a red cap,10.0,0.0,
video_06,q047,TV,10.0,0.0,
video_06,q048,a police car ,10.0,0.7574753761291504,-0.0007670344784855843
video_06,q046,a person wearing a red cap,11.0,0.0,
video_06,q047,TV,11.0,0.0,
video_06,q048,a police car ,11.0,0.7201892137527466,-0.006560089997947216
video_06,q046,a person wearing a red cap,12.0,0.0,
video_06,q047,TV,12.0,0.0,
video_06,q048,a police car ,12.0,0.7714307308197021,-0.0075842756778001785
video_06,q046,a person wearing a red cap,13.0,0.0,
video_06,q047,TV,13.0,0.0,
video_06,q048,a police car ,13.0,0.7725379467010498,-0.009867198765277863
video_06,q046,a person wearing a red cap,14.0,0.0,
video_06,q047,TV,14.0,0.0,
video_06,q048,a police car ,14.0,0.7749039530754089,-0.012915053404867649
video_06,q046,a person wearing a red cap,15.0,0.0,
video_06,q047,TV,15.0,0.0,
video_06,q048,a police car ,15.0,0.764710009098053,-0.013913785107433796
video_06,q046,a person wearing a red cap,16.0,0.0,
video_06,q047,TV,16.0,0.0,
video_06,q048,a police car ,16.0,0.7767945528030396,-0.01350872777402401
video_06,q046,a person wearing a red cap,17.0,0.0,
video_06,q047,TV,17.0,0.0,
video_06,q048,a police car ,17.0,0.7787814140319824,-0.009580078534781933
video_06,q046,a person wearing a red cap,18.0,0.0,
video_06,q047,TV,18.0,0.0,
video_06,q048,a police car ,18.0,0.7710287570953369,-0.008907120674848557
video_06,q046,a person wearing a red cap,19.0,0.0,
video_06,q047,TV,19.0,0.0,
video_06,q048,a police car ,19.0,0.7677783966064453,-0.011285453103482723
video_06,q046,a person wearing a red cap,20.0,0.0,
video_06,q047,TV,20.0,0.0,
video_06,q048,a police car ,20.0,0.7783772349357605,-0.008826779201626778
video_06,q046,a person wearing a red cap,21.0,0.0,
video_06,q047,TV,21.0,0.0,
video_06,q048,a police car ,21.0,0.781821608543396,-0.005843301769345999
video_06,q046,a person wearing a red cap,22.0,0.0,
video_06,q047,TV,22.0,0.0,
video_06,q048,a police car ,22.0,0.7351923584938049,0.002712549176067114
video_06,q046,a person wearing a red cap,23.0,0.0,
video_06,q047,TV,23.0,0.0,
video_06,q048,a police car ,23.0,0.7640079855918884,-0.0024688197299838066
video_06,q046,a person wearing a red cap,24.0,0.0,
video_06,q047,TV,24.0,0.0,
video_06,q048,a police car ,24.0,0.7756437659263611,-0.005311234854161739
video_06,q046,a person wearing a red cap,25.0,0.0,
video_06,q047,TV,25.0,0.0,
video_06,q048,a police car ,25.0,0.7931185364723206,0.003956031985580921
video_06,q046,a person wearing a red cap,26.0,0.0,
video_06,q047,TV,26.0,0.0,
video_06,q048,a police car ,26.0,0.7726082801818848,0.003032353240996599
video_06,q046,a person wearing a red cap,27.0,0.0,
video_06,q047,TV,27.0,0.0,
video_06,q048,a police car ,27.0,0.7971625328063965,-0.0017284685745835304
video_06,q046,a person wearing a red cap,28.0,0.0,
video_06,q047,TV,28.0,0.0,
video_06,q048,a police car ,28.0,0.7815055847167969,-0.0014341101050376892
video_06,q046,a person wearing a red cap,29.0,0.0,
video_06,q047,TV,29.0,0.0,
video_06,q048,a police car ,29.0,0.7462231516838074,-0.0021278890781104565
video_06,q046,a person wearing a red cap,30.0,0.0,
video_06,q047,TV,30.0,0.0,
video_06,q048,a police car ,30.0,0.800355076789856,-0.0016338890418410301
video_06,q046,a person wearing a red cap,31.0,0.0,
video_06,q047,TV,31.0,0.0,
video_06,q048,a police car ,31.0,0.7839451432228088,-0.0004490585997700691
video_06,q046,a person wearing a red cap,32.0,0.0,
video_06,q047,TV,32.0,0.0,
video_06,q048,a police car ,32.0,0.781977117061615,-0.008183581754565239
video_06,q046,a person wearing a red cap,33.0,0.0,
video_06,q047,TV,33.0,0.0,
video_06,q048,a police car ,33.0,0.7787190675735474,-0.005185794085264206
video_06,q046,a person wearing a red cap,34.0,0.0,
video_06,q047,TV,34.0,0.0,
video_06,q048,a police car ,34.0,0.7745676636695862,-0.008191030472517014
video_06,q046,a person wearing a red cap,35.0,0.0,
video_06,q047,TV,35.0,0.0,
video_06,q048,a police car ,35.0,0.7603356242179871,-0.006735558621585369
video_06,q046,a person wearing a red cap,36.0,0.0,
video_06,q047,TV,36.0,0.0,
video_06,q048,a police car ,36.0,0.7686348557472229,-0.009421903640031815
video_06,q046,a person wearing a red cap,37.0,0.0,
video_06,q047,TV,37.0,0.0,
video_06,q048,a police car ,37.0,0.7727776765823364,-0.006801938638091087
video_06,q046,a person wearing a red cap,38.0,0.0,
video_06,q047,TV,38.0,0.0,
video_06,q048,a police car ,38.0,0.7468841075897217,-0.00778542272746563
video_06,q046,a person wearing a red cap,39.0,0.0,
video_06,q047,TV,39.0,0.0,
video_06,q048,a police car ,39.0,0.709811270236969,0.005318110343068838
video_06,q046,a person wearing a red cap,40.0,0.0,
video_06,q047,TV,40.0,0.0,
video_06,q048,a police car ,40.0,0.6646471619606018,0.004662764724344015
video_06,q046,a person wearing a red cap,41.0,0.0,
video_06,q047,TV,41.0,0.0,
video_06,q048,a police car ,41.0,0.6951113343238831,-0.0010902443900704384
video_06,q046,a person wearing a red cap,42.0,0.0,
video_06,q047,TV,42.0,0.0,
video_06,q048,a police car ,42.0,0.7424200177192688,0.0007997178472578526
video_06,q046,a person wearing a red cap,43.0,0.0,
video_06,q047,TV,43.0,0.0,
video_06,q048,a police car ,43.0,0.6797031164169312,0.01050150953233242
video_06,q046,a person wearing a red cap,44.0,0.0,
video_06,q047,TV,44.0,0.0,
video_06,q048,a police car ,44.0,0.7055192589759827,0.004300045780837536
video_06,q046,a person wearing a red cap,45.0,0.0,
video_06,q047,TV,45.0,0.0,
video_06,q048,a police car ,45.0,0.7131485939025879,-0.0020048976875841618
video_06,q046,a person wearing a red cap,46.0,0.0,
video_06,q047,TV,46.0,0.0,
video_06,q048,a police car ,46.0,0.705650269985199,0.0013496377505362034
video_06,q046,a person wearing a red cap,47.0,0.0,
video_06,q047,TV,47.0,0.0,
video_06,q048,a police car ,47.0,0.7334253787994385,0.00327256228774786
video_06,q046,a person wearing a red cap,48.0,0.0,
video_06,q047,TV,48.0,0.0,
video_06,q048,a police car ,48.0,0.6704837083816528,0.007577764801681042
video_06,q046,a person wearing a red cap,49.0,0.0,
video_06,q047,TV,49.0,0.0,
video_06,q048,a police car ,49.0,0.6936266422271729,0.0020570000633597374
video_06,q046,a person wearing a red cap,50.0,0.0,
video_06,q047,TV,50.0,0.0,
video_06,q048,a police car ,50.0,0.7005898356437683,0.004563118796795607
video_06,q046,a person wearing a red cap,51.0,0.0,
video_06,q047,TV,51.0,0.0,
video_06,q048,a police car ,51.0,0.685584306716919,-0.007513539865612984
video_06,q046,a person wearing a red cap,52.0,0.0,
video_06,q047,TV,52.0,0.0,
video_06,q048,a police car ,52.0,0.7594004273414612,-0.00810294970870018
video_06,q046,a person wearing a red cap,53.0,0.0,
video_06,q047,TV,53.0,0.0,
video_06,q048,a police car ,53.0,0.7407960295677185,-0.005513427779078484
video_06,q046,a person wearing a red cap,54.0,0.0,
video_06,q047,TV,54.0,0.0,
video_06,q048,a police car ,54.0,0.7518137693405151,-0.013195219449698925
video_06,q046,a person wearing a red cap,55.0,0.0,
video_06,q047,TV,55.0,0.0,
video_06,q048,a police car ,55.0,0.7429828643798828,-0.006737535819411278
video_06,q046,a person wearing a red cap,56.0,0.0,
video_06,q047,TV,56.0,0.0,
video_06,q048,a police car ,56.0,0.7224622964859009,-0.003946417011320591
video_06,q046,a person wearing a red cap,57.0,0.0,
video_06,q047,TV,57.0,0.0,
video_06,q048,a police car ,57.0,0.721040666103363,-0.00586326140910387
video_06,q046,a person wearing a red cap,58.0,0.0,
video_06,q047,TV,58.0,0.0,
video_06,q048,a police car ,58.0,0.7164366245269775,-0.003954701125621796
video_06,q046,a person wearing a red cap,59.0,0.0,
video_06,q047,TV,59.0,0.0,
video_06,q048,a police car ,59.0,0.7017582654953003,-0.00757794501259923
video_06,q046,a person wearing a red cap,60.0,0.0,
video_06,q047,TV,60.0,0.0,
video_06,q048,a police car ,60.0,0.7211486101150513,-0.003755049780011177
video_06,q046,a person wearing a red cap,61.0,0.0,
video_06,q047,TV,61.0,0.0,
video_06,q048,a police car ,61.0,0.7028971910476685,-0.00924459844827652
video_06,q046,a person wearing a red cap,62.0,0.0,
video_06,q047,TV,62.0,0.0,
video_06,q048,a police car ,62.0,0.6974706649780273,0.03929618000984192
video_06,q046,a person wearing a red cap,63.0,0.0,
video_06,q047,TV,63.0,0.0,
video_06,q048,a police car ,63.0,0.6921272873878479,0.006238920614123344
video_06,q046,a person wearing a red cap,64.0,0.0,
video_06,q047,TV,64.0,0.0,
video_06,q048,a police car ,64.0,0.6772802472114563,0.008041184395551682
video_06,q046,a person wearing a red cap,65.0,0.0,
video_06,q047,TV,65.0,0.0,
video_06,q048,a police car ,65.0,0.7031956315040588,0.0041969516314566135
video_06,q046,a person wearing a red cap,66.0,0.0,
video_06,q047,TV,66.0,0.0,
video_06,q048,a police car ,66.0,0.7031857967376709,0.0023842640221118927
video_06,q046,a person wearing a red cap,67.0,0.0,
video_06,q047,TV,67.0,0.0,
video_06,q048,a police car ,67.0,0.7319530248641968,0.001415640115737915
video_06,q046,a person wearing a red cap,68.0,0.0,
video_06,q047,TV,68.0,0.0,
video_06,q048,a police car ,68.0,0.7288869023323059,0.00044288160279393196
video_06,q046,a person wearing a red cap,69.0,0.0,
video_06,q047,TV,69.0,0.0,
video_06,q048,a police car ,69.0,0.7153379321098328,-0.0008411156013607979
video_06,q046,a person wearing a red cap,70.0,0.0,
video_06,q047,TV,70.0,0.0,
video_06,q048,a police car ,70.0,0.7283093929290771,-0.00016553327441215515
video_06,q046,a person wearing a red cap,71.0,0.0,
video_06,q047,TV,71.0,0.0,
video_06,q048,a police car ,71.0,0.726792573928833,0.0069005461409688
video_06,q046,a person wearing a red cap,72.0,0.0,
video_06,q047,TV,72.0,0.0,
video_06,q048,a police car ,72.0,0.7287789583206177,0.004860329441726208
video_06,q046,a person wearing a red cap,73.0,0.0,
video_06,q047,TV,73.0,0.0,
video_06,q048,a police car ,73.0,0.6840032935142517,0.04588565230369568
video_06,q046,a person wearing a red cap,74.0,0.0,
video_06,q047,TV,74.0,0.0,
video_06,q048,a police car ,74.0,0.7690739631652832,-0.0007562120445072651
video_06,q046,a person wearing a red cap,75.0,0.0,
video_06,q047,TV,75.0,0.0,
video_06,q048,a police car ,75.0,0.6490034461021423,0.03244920074939728
video_06,q046,a person wearing a red cap,76.0,0.0,
video_06,q047,TV,76.0,0.0,
video_06,q048,a police car ,76.0,0.6981042623519897,0.0015673162415623665
video_06,q046,a person wearing a red cap,77.0,0.0,
video_06,q047,TV,77.0,0.0,
video_06,q048,a police car ,77.0,0.7276589274406433,-0.0049362583085894585
video_06,q046,a person wearing a red cap,78.0,0.0,
video_06,q047,TV,78.0,0.0,
video_06,q048,a police car ,78.0,0.7319409251213074,-0.003079087007790804
video_06,q046,a person wearing a red cap,79.0,0.0,
video_06,q047,TV,79.0,0.0,
video_06,q048,a police car ,79.0,0.7324507236480713,-0.0032993368804454803
video_06,q046,a person wearing a red cap,80.0,0.0,
video_06,q047,TV,80.0,0.0,
video_06,q048,a police car ,80.0,0.7711821794509888,-0.002776290290057659
video_06,q046,a person wearing a red cap,81.0,0.0,
video_06,q047,TV,81.0,0.0,
video_06,q048,a police car ,81.0,0.7507771253585815,-0.007945122197270393
video_06,q046,a person wearing a red cap,82.0,0.0,
video_06,q047,TV,82.0,0.0,
video_06,q048,a police car ,82.0,0.7287501692771912,-0.007187210023403168
video_06,q046,a person wearing a red cap,83.0,0.0,
video_06,q047,TV,83.0,0.0,
video_06,q048,a police car ,83.0,0.7654295563697815,-0.010217687115073204
video_06,q046,a person wearing a red cap,84.0,0.0,
video_06,q047,TV,84.0,0.0,
video_06,q048,a police car ,84.0,0.7416160106658936,-0.009360263124108315
video_06,q046,a person wearing a red cap,85.0,0.0,
video_06,q047,TV,85.0,0.0,
video_06,q048,a police car ,85.0,0.7607356905937195,-0.015290334820747375
video_06,q046,a person wearing a red cap,86.0,0.0,
video_06,q047,TV,86.0,0.0,
video_06,q048,a police car ,86.0,0.7530102133750916,-0.014571876265108585
video_06,q046,a person wearing a red cap,87.0,0.0,
video_06,q047,TV,87.0,0.0,
video_06,q048,a police car ,87.0,0.7322502136230469,-0.012497439980506897
video_06,q046,a person wearing a red cap,88.0,0.0,
video_06,q047,TV,88.0,0.0,
video_06,q048,a police car ,88.0,0.7448937296867371,-0.010454753413796425
video_06,q046,a person wearing a red cap,89.0,0.0,
video_06,q047,TV,89.0,0.0,
video_06,q048,a police car ,89.0,0.7113698124885559,-0.004400377161800861
video_06,q046,a person wearing a red cap,90.0,0.0,
video_06,q047,TV,90.0,0.0,
video_06,q048,a police car ,90.0,0.6527190208435059,0.01114964485168457
video_06,q046,a person wearing a red cap,91.0,0.0,
video_06,q047,TV,91.0,0.0,
video_06,q048,a police car ,91.0,0.7222145795822144,0.0012511303648352623
video_06,q046,a person wearing a red cap,92.0,0.0,
video_06,q047,TV,92.0,0.0,
video_06,q048,a police car ,92.0,0.7052961587905884,0.00046126171946525574
video_06,q046,a person wearing a red cap,93.0,0.0,
video_06,q047,TV,93.0,0.0,
video_06,q048,a police car ,93.0,0.7432011365890503,-0.005005235318094492
video_06,q046,a person wearing a red cap,94.0,0.0,
video_06,q047,TV,94.0,0.0,
video_06,q048,a police car ,94.0,0.7028908133506775,0.0031926645897328854
video_06,q046,a person wearing a red cap,95.0,0.0,
video_06,q047,TV,95.0,0.0,
video_06,q048,a police car ,95.0,0.7869008183479309,0.0016767112538218498
video_06,q046,a person wearing a red cap,96.0,0.0,
video_06,q047,TV,96.0,0.0,
video_06,q048,a police car ,96.0,0.764543354511261,0.003580976277589798
video_06,q046,a person wearing a red cap,97.0,0.0,
video_06,q047,TV,97.0,0.0,
video_06,q048,a police car ,97.0,0.7322904467582703,0.008340748026967049
video_06,q046,a person wearing a red cap,98.0,0.0,
video_06,q047,TV,98.0,0.0,
video_06,q048,a police car ,98.0,0.7429805397987366,0.008687985129654408
video_06,q046,a person wearing a red cap,99.0,0.0,
video_06,q047,TV,99.0,0.0,
video_06,q048,a police car ,99.0,0.662530779838562,0.022487223148345947
video_06,q046,a person wearing a red cap,100.0,0.0,
video_06,q047,TV,100.0,0.0,
video_06,q048,a police car ,100.0,0.6427191495895386,0.02500811219215393
video_06,q046,a person wearing a red cap,101.0,0.0,
video_06,q047,TV,101.0,0.0,
video_06,q048,a police car ,101.0,0.57512366771698,0.028982773423194885
video_06,q046,a person wearing a red cap,102.0,0.0,
video_06,q047,TV,102.0,0.0,
video_06,q048,a police car ,102.0,0.6048861742019653,0.02616570144891739
video_06,q046,a person wearing a red cap,103.0,0.0,
video_06,q047,TV,103.0,0.0,
video_06,q048,a police car ,103.0,0.662236750125885,0.026565352454781532
video_06,q046,a person wearing a red cap,104.0,0.0,
video_06,q047,TV,104.0,0.0,
video_06,q048,a police car ,104.0,0.6883700489997864,0.021296929568052292
video_06,q046,a person wearing a red cap,105.0,0.0,
video_06,q047,TV,105.0,0.0,
video_06,q048,a police car ,105.0,0.7147058248519897,0.024868354201316833
video_06,q046,a person wearing a red cap,106.0,0.0,
video_06,q047,TV,106.0,0.0,
video_06,q048,a police car ,106.0,0.7338599562644958,0.022161539644002914
video_06,q046,a person wearing a red cap,107.0,0.0,
video_06,q047,TV,107.0,0.0,
video_06,q048,a police car ,107.0,0.6710392832756042,0.025309210643172264
video_06,q046,a person wearing a red cap,108.0,0.0,
video_06,q047,TV,108.0,0.0,
video_06,q048,a police car ,108.0,0.6881212592124939,0.025756999850273132
video_06,q046,a person wearing a red cap,109.0,0.0,
video_06,q047,TV,109.0,0.0,
video_06,q048,a police car ,109.0,0.7018040418624878,0.027395028620958328
video_06,q046,a person wearing a red cap,110.0,0.0,
video_06,q047,TV,110.0,0.0,
video_06,q048,a police car ,110.0,0.7086848020553589,0.028970714658498764
video_06,q046,a person wearing a red cap,111.0,0.0,
video_06,q047,TV,111.0,0.0,
video_06,q048,a police car ,111.0,0.6878229975700378,0.024372030049562454
video_06,q046,a person wearing a red cap,112.0,0.0,
video_06,q047,TV,112.0,0.0,
video_06,q048,a police car ,112.0,0.7071429491043091,0.02530963346362114
video_06,q046,a person wearing a red cap,113.0,0.0,
video_06,q047,TV,113.0,0.0,
video_06,q048,a police car ,113.0,0.7536543011665344,0.023119598627090454
video_06,q046,a person wearing a red cap,114.0,0.0,
video_06,q047,TV,114.0,0.0,
video_06,q048,a police car ,114.0,0.7749952077865601,0.02349967509508133
video_06,q046,a person wearing a red cap,115.0,0.0,
video_06,q047,TV,115.0,0.0,
video_06,q048,a police car ,115.0,0.6868033409118652,0.022595982998609543
video_06,q046,a person wearing a red cap,116.0,0.0,
video_06,q047,TV,116.0,0.0,
video_06,q048,a police car ,116.0,0.6786264181137085,0.025657981634140015
video_06,q046,a person wearing a red cap,117.0,0.0,
video_06,q047,TV,117.0,0.0,
video_06,q048,a police car ,117.0,0.6866443753242493,0.019512515515089035
video_06,q046,a person wearing a red cap,118.0,0.0,
video_06,q047,TV,118.0,0.0,
video_06,q048,a police car ,118.0,0.6740866303443909,0.02854585088789463
video_06,q046,a person wearing a red cap,119.0,0.0,
video_06,q047,TV,119.0,0.0,
video_06,q048,a police car ,119.0,0.6968251466751099,0.03642558678984642
video_06,q046,a person wearing a red cap,120.0,0.0,
video_06,q047,TV,120.0,0.0,
video_06,q048,a police car ,120.0,0.6554580926895142,0.03178746998310089
video_06,q046,a person wearing a red cap,121.0,0.0,
video_06,q047,TV,121.0,0.0,
video_06,q048,a police car ,121.0,0.6839775443077087,0.02670382335782051
video_06,q046,a person wearing a red cap,122.0,0.0,
video_06,q047,TV,122.0,0.0,
video_06,q048,a police car ,122.0,0.6619597673416138,0.0317608118057251
video_06,q046,a person wearing a red cap,123.0,0.0,
video_06,q047,TV,123.0,0.0,
video_06,q048,a police car ,123.0,0.6452019810676575,0.029328543692827225
video_06,q046,a person wearing a red cap,124.0,0.0,
video_06,q047,TV,124.0,0.0,
video_06,q048,a police car ,124.0,0.6542583107948303,0.030900046229362488
video_06,q046,a person wearing a red cap,125.0,0.0,
video_06,q047,TV,125.0,0.0,
video_06,q048,a police car ,125.0,0.6483498215675354,0.026945091784000397
video_06,q046,a person wearing a red cap,126.0,0.0,
video_06,q047,TV,126.0,0.0,
video_06,q048,a police car ,126.0,0.6173330545425415,0.03159189969301224
video_06,q046,a person wearing a red cap,127.0,0.0,
video_06,q047,TV,127.0,0.0,
video_06,q048,a police car ,127.0,0.6988780498504639,0.02712356299161911
video_06,q046,a person wearing a red cap,128.0,0.0,
video_06,q047,TV,128.0,0.0,
video_06,q048,a police car ,128.0,0.5085494518280029,0.05102923512458801
video_06,q046,a person wearing a red cap,129.0,0.0,
video_06,q047,TV,129.0,0.0,
video_06,q048,a police car ,129.0,0.5050380825996399,0.038373738527297974
video_06,q046,a person wearing a red cap,130.0,0.0,
video_06,q047,TV,130.0,0.2750740945339203,0.03407860919833183
video_06,q048,a police car ,130.0,0.39844414591789246,0.03817174211144447
video_06,q046,a person wearing a red cap,131.0,0.0,
video_06,q047,TV,131.0,0.0,
video_06,q048,a police car ,131.0,0.7983956336975098,0.007347963750362396
video_06,q046,a person wearing a red cap,132.0,0.0,
video_06,q047,TV,132.0,0.0,
video_06,q048,a police car ,132.0,0.50977623462677,0.01526431180536747
video_06,q046,a person wearing a red cap,133.0,0.0,
video_06,q047,TV,133.0,0.0,
video_06,q048,a police car ,133.0,0.6626203656196594,0.08058403432369232
video_06,q046,a person wearing a red cap,134.0,0.0,
video_06,q047,TV,134.0,0.0,
video_06,q048,a police car ,134.0,0.7079594135284424,0.08173806220293045
video_06,q046,a person wearing a red cap,135.0,0.0,
video_06,q047,TV,135.0,0.0,
video_06,q048,a police car ,135.0,0.7420366406440735,0.04900902509689331
video_06,q046,a person wearing a red cap,136.0,0.0,
video_06,q047,TV,136.0,0.0,
video_06,q048,a police car ,136.0,0.7435116767883301,0.0777415931224823
video_06,q046,a person wearing a red cap,137.0,0.0,
video_06,q047,TV,137.0,0.0,
video_06,q048,a police car ,137.0,0.6919088959693909,0.012676947750151157
video_06,q046,a person wearing a red cap,138.0,0.0,
video_06,q047,TV,138.0,0.0,
video_06,q048,a police car ,138.0,0.6910408139228821,-0.00014393962919712067
video_06,q046,a person wearing a red cap,139.0,0.0,
video_06,q047,TV,139.0,0.0,
video_06,q048,a police car ,139.0,0.6125276684761047,0.003868822008371353
video_06,q046,a person wearing a red cap,140.0,0.0,
video_06,q047,TV,140.0,0.0,
video_06,q048,a police car ,140.0,0.6194186210632324,-0.00453594233840704
video_06,q046,a person wearing a red cap,141.0,0.0,
video_06,q047,TV,141.0,0.0,
video_06,q048,a police car ,141.0,0.6059567332267761,-0.010693935677409172
video_06,q046,a person wearing a red cap,142.0,0.0,
video_06,q047,TV,142.0,0.25397494435310364,0.07364623248577118
video_06,q048,a police car ,142.0,0.5843295454978943,-0.00455805379897356
video_06,q046,a person wearing a red cap,143.0,0.0,
video_06,q047,TV,143.0,0.0,
video_06,q048,a police car ,143.0,0.6065449118614197,-0.006462283432483673
video_06,q046,a person wearing a red cap,144.0,0.0,
video_06,q047,TV,144.0,0.0,
video_06,q048,a police car ,144.0,0.6567790508270264,-0.009398973546922207
video_06,q046,a person wearing a red cap,145.0,0.0,
video_06,q047,TV,145.0,0.0,
video_06,q048,a police car ,145.0,0.7054638266563416,-0.0035802749916911125
video_06,q046,a person wearing a red cap,146.0,0.0,
video_06,q047,TV,146.0,0.0,
video_06,q048,a police car ,146.0,0.6040483713150024,0.010381234809756279
video_06,q046,a person wearing a red cap,147.0,0.0,
video_06,q047,TV,147.0,0.0,
video_06,q048,a police car ,147.0,0.529725193977356,0.03005722351372242
video_06,q046,a person wearing a red cap,148.0,0.0,
video_06,q047,TV,148.0,0.0,
video_06,q048,a police car ,148.0,0.6267794370651245,0.012011673301458359
video_06,q046,a person wearing a red cap,149.0,0.0,
video_06,q047,TV,149.0,0.0,
video_06,q048,a police car ,149.0,0.601935088634491,0.029387593269348145
video_06,q046,a person wearing a red cap,150.0,0.0,
video_06,q047,TV,150.0,0.0,
video_06,q048,a police car ,150.0,0.6063448786735535,0.007479256484657526
video_06,q046,a person wearing a red cap,151.0,0.0,
video_06,q047,TV,151.0,0.0,
video_06,q048,a police car ,151.0,0.591463029384613,0.03018108569085598
video_06,q046,a person wearing a red cap,152.0,0.0,
video_06,q047,TV,152.0,0.0,
video_06,q048,a police car ,152.0,0.5894058346748352,0.028365619480609894
video_06,q046,a person wearing a red cap,153.0,0.0,
video_06,q047,TV,153.0,0.0,
video_06,q048,a police car ,153.0,0.6635544896125793,0.015246344730257988
video_06,q046,a person wearing a red cap,154.0,0.0,
video_06,q047,TV,154.0,0.0,
video_06,q048,a police car ,154.0,0.561310887336731,0.02570595033466816
video_06,q046,a person wearing a red cap,155.0,0.0,
video_06,q047,TV,155.0,0.0,
video_06,q048,a police car ,155.0,0.6537100672721863,0.017961638048291206
video_06,q046,a person wearing a red cap,156.0,0.0,
video_06,q047,TV,156.0,0.0,
video_06,q048,a police car ,156.0,0.6409285664558411,0.017865296453237534
video_06,q046,a person wearing a red cap,157.0,0.0,
video_06,q047,TV,157.0,0.0,
video_06,q048,a police car ,157.0,0.6877303123474121,0.014602228999137878
video_06,q046,a person wearing a red cap,158.0,0.0,
video_06,q047,TV,158.0,0.0,
video_06,q048,a police car ,158.0,0.5346479415893555,-0.008983541280031204
video_06,q046,a person wearing a red cap,159.0,0.0,
video_06,q047,TV,159.0,0.0,
video_06,q048,a police car ,159.0,0.6395028233528137,-0.002281087450683117
video_06,q046,a person wearing a red cap,160.0,0.0,
video_06,q047,TV,160.0,0.0,
video_06,q048,a police car ,160.0,0.6471323370933533,-0.004102617967873812
video_06,q046,a person wearing a red cap,161.0,0.0,
video_06,q047,TV,161.0,0.0,
video_06,q048,a police car ,161.0,0.7393629550933838,0.014826852828264236
video_06,q046,a person wearing a red cap,162.0,0.0,
video_06,q047,TV,162.0,0.0,
video_06,q048,a police car ,162.0,0.7771919965744019,0.008094563148915768
video_06,q046,a person wearing a red cap,163.0,0.0,
video_06,q047,TV,163.0,0.0,
video_06,q048,a police car ,163.0,0.7827072143554688,0.015054295770823956
video_06,q046,a person wearing a red cap,164.0,0.0,
video_06,q047,TV,164.0,0.0,
video_06,q048,a police car ,164.0,0.5964316129684448,0.013536443933844566
video_06,q046,a person wearing a red cap,165.0,0.3422706127166748,0.0703113004565239
video_06,q047,TV,165.0,0.0,
video_06,q048,a police car ,165.0,0.7774569392204285,0.020834103226661682
video_06,q046,a person wearing a red cap,166.0,0.0,
video_06,q047,TV,166.0,0.0,
video_06,q048,a police car ,166.0,0.763965904712677,0.0059624300338327885
video_06,q046,a person wearing a red cap,167.0,0.0,
video_06,q047,TV,167.0,0.30073264241218567,0.05231573060154915
video_06,q048,a police car ,167.0,0.8089052438735962,0.0021462454460561275
video_06,q046,a person wearing a red cap,168.0,0.0,
video_06,q047,TV,168.0,0.0,
video_06,q048,a police car ,168.0,0.760578989982605,-0.0007152026519179344
video_06,q046,a person wearing a red cap,169.0,0.0,
video_06,q047,TV,169.0,0.25402700901031494,0.058673303574323654
video_06,q048,a police car ,169.0,0.8196532130241394,0.004004792310297489
video_06,q046,a person wearing a red cap,170.0,0.0,
video_06,q047,TV,170.0,0.0,
video_06,q048,a police car ,170.0,0.2891187071800232,0.03062993288040161
video_06,q046,a person wearing a red cap,171.0,0.0,
video_06,q047,TV,171.0,0.0,
video_06,q048,a police car ,171.0,0.3142361044883728,0.019582904875278473
video_06,q046,a person wearing a red cap,172.0,0.0,
video_06,q047,TV,172.0,0.0,
video_06,q048,a police car ,172.0,0.30858859419822693,0.018515445291996002
video_06,q046,a person wearing a red cap,173.0,0.0,
video_06,q047,TV,173.0,0.0,
video_06,q048,a police car ,173.0,0.3155023157596588,0.014480581507086754
video_06,q046,a person wearing a red cap,174.0,0.0,
video_06,q047,TV,174.0,0.0,
video_06,q048,a police car ,174.0,0.3239958882331848,0.03153274208307266
video_06,q046,a person wearing a red cap,175.0,0.28757360577583313,0.029441382735967636
video_06,q047,TV,175.0,0.0,
video_06,q048,a police car ,175.0,0.2874026596546173,0.02983034960925579
video_06,q046,a person wearing a red cap,176.0,0.0,
video_06,q047,TV,176.0,0.0,
video_06,q048,a police car ,176.0,0.32017782330513,0.04926810786128044
video_06,q046,a person wearing a red cap,177.0,0.0,
video_06,q047,TV,177.0,0.0,
video_06,q048,a police car ,177.0,0.2820369601249695,0.04204247146844864
video_06,q046,a person wearing a red cap,178.0,0.0,
video_06,q047,TV,178.0,0.0,
video_06,q048,a police car ,178.0,0.29116615653038025,0.03005899116396904
video_06,q046,a person wearing a red cap,179.0,0.0,
video_06,q047,TV,179.0,0.0,
video_06,q048,a police car ,179.0,0.30748251080513,0.04744253307580948
video_06,q046,a person wearing a red cap,180.0,0.0,
video_06,q047,TV,180.0,0.0,
video_06,q048,a police car ,180.0,0.3069567084312439,0.053987812250852585
video_06,q046,a person wearing a red cap,181.0,0.0,
video_06,q047,TV,181.0,0.3470000624656677,0.051420342177152634
video_06,q048,a police car ,181.0,0.7124375104904175,0.028348702937364578
video_06,q046,a person wearing a red cap,182.0,0.0,
video_06,q047,TV,182.0,0.0,
video_06,q048,a police car ,182.0,0.6031761765480042,0.0020001111552119255
video_06,q046,a person wearing a red cap,183.0,0.0,
video_06,q047,TV,183.0,0.0,
video_06,q048,a police car ,183.0,0.7081511616706848,0.026011377573013306
video_06,q046,a person wearing a red cap,184.0,0.0,
video_06,q047,TV,184.0,0.0,
video_06,q048,a police car ,184.0,0.37574681639671326,0.031879279762506485
video_06,q046,a person wearing a red cap,185.0,0.0,
video_06,q047,TV,185.0,0.0,
video_06,q048,a police car ,185.0,0.7074146866798401,0.006380763836205006
video_06,q046,a person wearing a red cap,186.0,0.0,
video_06,q047,TV,186.0,0.0,
video_06,q048,a police car ,186.0,0.7683078646659851,-0.0038948338478803635
video_06,q046,a person wearing a red cap,187.0,0.0,
video_06,q047,TV,187.0,0.0,
video_06,q048,a police car ,187.0,0.7490790486335754,0.0019698040559887886
video_06,q046,a person wearing a red cap,188.0,0.0,
video_06,q047,TV,188.0,0.0,
video_06,q048,a police car ,188.0,0.7961236238479614,0.01312139630317688
video_06,q046,a person wearing a red cap,189.0,0.0,
video_06,q047,TV,189.0,0.0,
video_06,q048,a police car ,189.0,0.6621085405349731,0.009783492423593998
video_06,q046,a person wearing a red cap,190.0,0.0,
video_06,q047,TV,190.0,0.0,
video_06,q048,a police car ,190.0,0.301360160112381,0.031627021729946136
video_06,q046,a person wearing a red cap,191.0,0.0,
video_06,q047,TV,191.0,0.0,
video_06,q048,a police car ,191.0,0.32844844460487366,0.024552667513489723
video_06,q046,a person wearing a red cap,192.0,0.0,
video_06,q047,TV,192.0,0.0,
video_06,q048,a police car ,192.0,0.33761510252952576,0.01833435706794262
video_06,q046,a person wearing a red cap,193.0,0.0,
video_06,q047,TV,193.0,0.0,
video_06,q048,a police car ,193.0,0.29471316933631897,0.007817273028194904
video_06,q046,a person wearing a red cap,194.0,0.0,
video_06,q047,TV,194.0,0.0,
video_06,q048,a police car ,194.0,0.3211483955383301,0.01583758182823658
video_06,q046,a person wearing a red cap,195.0,0.3149055242538452,0.02738289162516594
video_06,q047,TV,195.0,0.0,
video_06,q048,a police car ,195.0,0.28453657031059265,0.013489401899278164
video_06,q046,a person wearing a red cap,196.0,0.0,
video_06,q047,TV,196.0,0.0,
video_06,q048,a police car ,196.0,0.30663785338401794,0.020044229924678802
video_06,q046,a person wearing a red cap,197.0,0.0,
video_06,q047,TV,197.0,0.0,
video_06,q048,a police car ,197.0,0.3204287588596344,0.02128699980676174
video_06,q046,a person wearing a red cap,198.0,0.0,
video_06,q047,TV,198.0,0.0,
video_06,q048,a police car ,198.0,0.3060680329799652,0.014330537989735603
video_06,q046,a person wearing a red cap,199.0,0.0,
video_06,q047,TV,199.0,0.0,
video_06,q048,a police car ,199.0,0.32421398162841797,0.02078617922961712
video_06,q046,a person wearing a red cap,200.0,0.2661598324775696,0.019217783585190773
video_06,q047,TV,200.0,0.0,
video_06,q048,a police car ,200.0,0.4417089521884918,0.038590721786022186
video_06,q046,a person wearing a red cap,201.0,0.0,
video_06,q047,TV,201.0,0.25032058358192444,0.035944461822509766
video_06,q048,a police car ,201.0,0.26980581879615784,0.04523433744907379
video_06,q046,a person wearing a red cap,202.0,0.0,
video_06,q047,TV,202.0,0.0,
video_06,q048,a police car ,202.0,0.2987372577190399,0.014920785091817379
video_06,q046,a person wearing a red cap,203.0,0.3068676292896271,0.0368083231151104
video_06,q047,TV,203.0,0.0,
video_06,q048,a police car ,203.0,0.3050316870212555,0.016207830980420113
video_06,q046,a person wearing a red cap,204.0,0.0,
video_06,q047,TV,204.0,0.0,
video_06,q048,a police car ,204.0,0.2775837779045105,0.016085069626569748
video_06,q046,a person wearing a red cap,205.0,0.0,
video_06,q047,TV,205.0,0.0,
video_06,q048,a police car ,205.0,0.3141250014305115,0.031476907432079315
video_06,q046,a person wearing a red cap,206.0,0.0,
video_06,q047,TV,206.0,0.0,
video_06,q048,a police car ,206.0,0.30279743671417236,0.03651025518774986
video_06,q046,a person wearing a red cap,207.0,0.0,
video_06,q047,TV,207.0,0.0,
video_06,q048,a police car ,207.0,0.2712963819503784,0.01708209328353405
video_06,q046,a person wearing a red cap,208.0,0.0,
video_06,q047,TV,208.0,0.0,
video_06,q048,a police car ,208.0,0.28693118691444397,0.016591686755418777
video_06,q046,a person wearing a red cap,209.0,0.0,
video_06,q047,TV,209.0,0.0,
video_06,q048,a police car ,209.0,0.28472042083740234,0.03929790109395981
video_06,q046,a person wearing a red cap,210.0,0.0,
video_06,q047,TV,210.0,0.0,
video_06,q048,a police car ,210.0,0.322492390871048,0.038309574127197266
video_06,q046,a person wearing a red cap,211.0,0.0,
video_06,q047,TV,211.0,0.0,
video_06,q048,a police car ,211.0,0.283090204000473,0.008116038516163826
video_06,q046,a person wearing a red cap,212.0,0.0,
video_06,q047,TV,212.0,0.0,
video_06,q048,a police car ,212.0,0.2884644865989685,0.007052246481180191
video_06,q046,a person wearing a red cap,213.0,0.0,
video_06,q047,TV,213.0,0.0,
video_06,q048,a police car ,213.0,0.28860270977020264,0.040757447481155396
video_06,q046,a person wearing a red cap,214.0,0.0,
video_06,q047,TV,214.0,0.0,
video_06,q048,a police car ,214.0,0.2932658791542053,0.03951245918869972
video_06,q046,a person wearing a red cap,215.0,0.0,
video_06,q047,TV,215.0,0.0,
video_06,q048,a police car ,215.0,0.7631031274795532,0.0297984816133976
video_06,q046,a person wearing a red cap,216.0,0.2659463584423065,0.06706096231937408
video_06,q047,TV,216.0,0.0,
video_06,q048,a police car ,216.0,0.7434232831001282,-0.0061919596046209335
video_06,q046,a person wearing a red cap,217.0,0.0,
video_06,q047,TV,217.0,0.0,
video_06,q048,a police car ,217.0,0.33614692091941833,0.027509566396474838
video_06,q046,a person wearing a red cap,218.0,0.0,
video_06,q047,TV,218.0,0.0,
video_06,q048,a police car ,218.0,0.3419487774372101,0.014221508987247944
video_06,q046,a person wearing a red cap,219.0,0.0,
video_06,q047,TV,219.0,0.0,
video_06,q048,a police car ,219.0,0.7440512776374817,-0.008451081812381744
video_06,q046,a person wearing a red cap,220.0,0.0,
video_06,q047,TV,220.0,0.0,
video_06,q048,a police car ,220.0,0.7565447688102722,-0.0008794637396931648
video_06,q046,a person wearing a red cap,221.0,0.0,
video_06,q047,TV,221.0,0.0,
video_06,q048,a police car ,221.0,0.7501053214073181,-0.006404035724699497
video_06,q046,a person wearing a red cap,222.0,0.0,
video_06,q047,TV,222.0,0.0,
video_06,q048,a police car ,222.0,0.7311978340148926,0.040667299181222916
video_06,q046,a person wearing a red cap,223.0,0.0,
video_06,q047,TV,223.0,0.0,
video_06,q048,a police car ,223.0,0.3293456435203552,0.04427175968885422
video_06,q046,a person wearing a red cap,224.0,0.0,
video_06,q047,TV,224.0,0.0,
video_06,q048,a police car ,224.0,0.3212851881980896,0.019263610243797302
video_06,q046,a person wearing a red cap,225.0,0.0,
video_06,q047,TV,225.0,0.0,
video_06,q048,a police car ,225.0,0.7574433088302612,-0.013534178957343102
video_06,q046,a person wearing a red cap,226.0,0.0,
video_06,q047,TV,226.0,0.0,
video_06,q048,a police car ,226.0,0.7783417701721191,0.0046477001160383224
video_06,q046,a person wearing a red cap,227.0,0.0,
video_06,q047,TV,227.0,0.0,
video_06,q048,a police car ,227.0,0.2929750084877014,0.007175972685217857
video_06,q046,a person wearing a red cap,228.0,0.0,
video_06,q047,TV,228.0,0.0,
video_06,q048,a police car ,228.0,0.31904977560043335,0.014587528072297573
video_06,q046,a person wearing a red cap,229.0,0.0,
video_06,q047,TV,229.0,0.0,
video_06,q048,a police car ,229.0,0.29635632038116455,0.013330086134374142
video_06,q046,a person wearing a red cap,230.0,0.0,
video_06,q047,TV,230.0,0.0,
video_06,q048,a police car ,230.0,0.29464903473854065,0.040223658084869385
video_06,q046,a person wearing a red cap,231.0,0.0,
video_06,q047,TV,231.0,0.0,
video_06,q048,a police car ,231.0,0.25730350613594055,0.021610241383314133
video_06,q046,a person wearing a red cap,232.0,0.0,
video_06,q047,TV,232.0,0.0,
video_06,q048,a police car ,232.0,0.266706258058548,0.01604790799319744
video_06,q046,a person wearing a red cap,233.0,0.0,
video_06,q047,TV,233.0,0.0,
video_06,q048,a police car ,233.0,0.2951839864253998,0.012264239601790905
video_06,q046,a person wearing a red cap,234.0,0.0,
video_06,q047,TV,234.0,0.0,
video_06,q048,a police car ,234.0,0.29879429936408997,0.04873020201921463
video_06,q046,a person wearing a red cap,235.0,0.0,
video_06,q047,TV,235.0,0.0,
video_06,q048,a police car ,235.0,0.27410688996315,0.033416926860809326
video_06,q046,a person wearing a red cap,236.0,0.0,
video_06,q047,TV,236.0,0.0,
video_06,q048,a police car ,236.0,0.30818307399749756,0.043533697724342346
video_06,q046,a person wearing a red cap,237.0,0.0,
video_06,q047,TV,237.0,0.0,
video_06,q048,a police car ,237.0,0.8174596428871155,-0.0009600119665265083
video_06,q046,a person wearing a red cap,238.0,0.0,
video_06,q047,TV,238.0,0.0,
video_06,q048,a police car ,238.0,0.3180651366710663,0.01514058094471693
video_06,q046,a person wearing a red cap,239.0,0.0,
video_06,q047,TV,239.0,0.0,
video_06,q048,a police car ,239.0,0.28847137093544006,0.012415127828717232
video_06,q046,a person wearing a red cap,240.0,0.0,
video_06,q047,TV,240.0,0.0,
video_06,q048,a police car ,240.0,0.3163644075393677,0.01874696835875511
video_06,q046,a person wearing a red cap,241.0,0.0,
video_06,q047,TV,241.0,0.0,
video_06,q048,a police car ,241.0,0.28757938742637634,0.006048513576388359
video_06,q046,a person wearing a red cap,242.0,0.0,
video_06,q047,TV,242.0,0.0,
video_06,q048,a police car ,242.0,0.2910833954811096,0.01714567467570305
video_06,q046,a person wearing a red cap,243.0,0.0,
video_06,q047,TV,243.0,0.0,
video_06,q048,a police car ,243.0,0.2805597186088562,0.0036651603877544403
video_06,q046,a person wearing a red cap,244.0,0.0,
video_06,q047,TV,244.0,0.0,
video_06,q048,a police car ,244.0,0.2631342113018036,0.018170280382037163
video_06,q046,a person wearing a red cap,245.0,0.0,
video_06,q047,TV,245.0,0.0,
video_06,q048,a police car ,245.0,0.3640125095844269,0.04783013463020325
video_06,q046,a person wearing a red cap,246.0,0.0,
video_06,q047,TV,246.0,0.0,
video_06,q048,a police car ,246.0,0.5837225914001465,0.07318437099456787
video_06,q046,a person wearing a red cap,247.0,0.0,
video_06,q047,TV,247.0,0.0,
video_06,q048,a police car ,247.0,0.2664458453655243,0.010224728845059872
video_06,q046,a person wearing a red cap,248.0,0.0,
video_06,q047,TV,248.0,0.0,
video_06,q048,a police car ,248.0,0.32204797863960266,0.029350968077778816
video_06,q046,a person wearing a red cap,249.0,0.0,
video_06,q047,TV,249.0,0.0,
video_06,q048,a police car ,249.0,0.29661962389945984,0.008384916931390762
video_06,q046,a person wearing a red cap,250.0,0.0,
video_06,q047,TV,250.0,0.0,
video_06,q048,a police car ,250.0,0.2810984253883362,0.044266678392887115
video_06,q046,a person wearing a red cap,251.0,0.0,
video_06,q047,TV,251.0,0.0,
video_06,q048,a police car ,251.0,0.27681636810302734,0.014241623692214489
video_06,q046,a person wearing a red cap,252.0,0.0,
video_06,q047,TV,252.0,0.0,
video_06,q048,a police car ,252.0,0.31226155161857605,0.012356746010482311
video_06,q046,a person wearing a red cap,253.0,0.0,
video_06,q047,TV,253.0,0.0,
video_06,q048,a police car ,253.0,0.3088442087173462,0.009825137443840504
video_06,q046,a person wearing a red cap,254.0,0.0,
video_06,q047,TV,254.0,0.0,
video_06,q048,a police car ,254.0,0.2857084274291992,0.009555328637361526
video_06,q046,a person wearing a red cap,255.0,0.0,
video_06,q047,TV,255.0,0.0,
video_06,q048,a police car ,255.0,0.27360203862190247,0.026795201003551483
video_06,q046,a person wearing a red cap,256.0,0.0,
video_06,q047,TV,256.0,0.0,
video_06,q048,a police car ,256.0,0.329429566860199,0.017665717750787735
video_06,q046,a person wearing a red cap,257.0,0.0,
video_06,q047,TV,257.0,0.0,
video_06,q048,a police car ,257.0,0.3220711648464203,0.010776536539196968
